"key";"de";"en"
"TMLP_0000_L3_PROMPT";"Welche dieser Aussagen trifft auf die **individuelle Interpretation und den Ausdruck** des/der Schüler/in zu?";"Which of these statements describes best the individual interpretation and expression of the student?"
"TMLP_0000_L3_CHOICE1";"Das Spiel vermittelt kaum musikalisches Verständnis. Ein Gespür für den Charakter des Werks ist nicht erkennbar.";"The playing conveys hardly any musical understanding. No feel for the character of the piece is recognisable."
"TMLP_0000_L3_CHOICE2";"Das Spiel vermittelt nur ansatzweise ein musikalisches Verständnis. Ein Gespür für den Charakter des Werks ist selten erkennbar.";"The playing conveys only a rudimentary musical understanding. A feel for the character of the piece is rarely recognisable."
"TMLP_0000_L3_CHOICE3";"Das Spiel vermittelt teilweise ein musikalisches Verständnis. Das Gespür für den Charakter des Werks ist in manchen Abschnitten erkennbar, in anderen nicht.";"The playing conveys a partial musical understanding. A feel for the character of the piece is recognisable in some sections, but not in others."
"TMLP_0000_L3_CHOICE4";"Das Spiel vermittelt weitgehend ein musikalisches Verständnis und ein Gespür für den Charakter des Werks, wobei einzelne Passagen weniger durchdacht wirken.";"The playing largely conveys a musical understanding and a feel for the character of the piece, whereas individual passages seem less considered."
"TMLP_0000_L3_CHOICE5";"Das Spiel vermittelt durchgehend ein tiefes musikalisches Verständnis und ein ausgeprägtes Gespür für den Charakter des Werks.";"The playing consistently conveys a deep musical understanding and a pronounced feel for the character of the piece."
"TMLP_0000_L2_PROMPT";"Im Vergleich zu Schüler/innen auf vergleichbarem Niveau ist das **vermittelte musikalische Verständnis und Gespür für den Charakter des Werks** bei diesem/dieser Schüler/in:";"Compared to pupils at a similar level, the musical understanding and feel for the character of the piece conveyed by the playing for this pupil is:"
"TMLP_0000_L2_CHOICE1";"Deutlich schlechter als vergleichbare Schüler/innen";"Clearly worse than comparable pupils"
"TMLP_0000_L2_CHOICE2";"Schlechter als vergleichbare Schüler/innen";"Worse than comparable pupils"
"TMLP_0000_L2_CHOICE3";"Gleich wie vergleichbare Schüler/innen";"The same as comparable pupils"
"TMLP_0000_L2_CHOICE4";"Besser als vergleichbare Schüler/innen";"Better than comparable pupils"
"TMLP_0000_L2_CHOICE5";"Viel besser als vergleichbare Schüler/innen";"Much better than comparable pupils"
"TMLP_0000_L1_PROMPT";"Im Vergleich zur letzten Unterrichtseinheit ist das **vermittelte musikalische Verständnis und Gespür für den Charakter des Werks** bei diesem/dieser Schüler/in:";"Compared to the last lesson, the musical understanding and feel for the character of the piece conveyed by the playing for this pupil is:"
"TMLP_0000_L1_CHOICE1";"Deutlich schlechter als in der letzten Unterrichtseinheit";"Clearly worse than in the last lesson"
"TMLP_0000_L1_CHOICE2";"Schlechter als in der letzten Unterrichtseinheit";"Worse than in the last lesson"
"TMLP_0000_L1_CHOICE3";"Gleich wie in der letzten Unterrichtseinheit";"The same as in the last lesson"
"TMLP_0000_L1_CHOICE4";"Besser als in der letzten Unterrichtseinheit";"Better than in the last lesson"
"TMLP_0000_L1_CHOICE5";"Viel besser als in der letzten Unterrichtseinheit";"Much better than in the last lesson"
"TMLP_0001_L3_PROMPT";"Welche dieser Aussagen trifft auf die **individuelle Interpretation und den Ausdruck** des/der Schüler/in zu?";"Which of these statements describes best the individual interpretation and expression of the student?"
"TMLP_0001_L3_CHOICE1";"Das Spiel zeigt kein erkennbares Verständnis des stilistischen Kontexts des Werks.";"The playing shows no recognisable understanding of the work's stylistic context."
"TMLP_0001_L3_CHOICE2";"Das Spiel zeigt nur ansatzweise ein Verständnis des stilistischen Kontexts; stilistische Merkmale werden selten berücksichtigt.";"The playing shows only a rudimentary understanding of the stylistic context; stylistic features are rarely taken into account."
"TMLP_0001_L3_CHOICE3";"Das Spiel zeigt ein grundlegendes Verständnis des stilistischen Kontexts, das jedoch nicht durchgehend differenziert umgesetzt wird.";"The playing shows a basic understanding of the stylistic context, which is not consistently applied with nuance."
"TMLP_0001_L3_CHOICE4";"Das Spiel zeigt weitgehend ein Verständnis des stilistischen Kontexts; einzelne stilistische Details werden nicht konsequent umgesetzt.";"The playing largely shows an understanding of the stylistic context; individual stylistic details are not consistently realised."
"TMLP_0001_L3_CHOICE5";"Das Spiel zeigt durchgehend ein differenziertes und sicheres Verständnis des stilistischen Kontexts des Werks.";"The playing consistently shows a nuanced and confident understanding of the work's stylistic context."
"TMLP_0001_L2_PROMPT";"Im Vergleich zu Schüler/innen auf vergleichbarem Niveau ist das **Verständnis des stilistischen Kontexts** bei diesem/dieser Schüler/in:";"Compared to pupils at a similar level, the understanding of the stylistic context for this pupil is:"
"TMLP_0001_L2_CHOICE1";"Deutlich schlechter als vergleichbare Schüler/innen";"Clearly worse than comparable pupils"
"TMLP_0001_L2_CHOICE2";"Schlechter als vergleichbare Schüler/innen";"Worse than comparable pupils"
"TMLP_0001_L2_CHOICE3";"Gleich wie vergleichbare Schüler/innen";"The same as comparable pupils"
"TMLP_0001_L2_CHOICE4";"Besser als vergleichbare Schüler/innen";"Better than comparable pupils"
"TMLP_0001_L2_CHOICE5";"Viel besser als vergleichbare Schüler/innen";"Much better than comparable pupils"
"TMLP_0001_L1_PROMPT";"Im Vergleich zur letzten Unterrichtseinheit ist das **Verständnis des stilistischen Kontexts** bei diesem/dieser Schüler/in:";"Compared to the last lesson, the understanding of the stylistic context for this pupil is:"
"TMLP_0001_L1_CHOICE1";"Deutlich schlechter als in der letzten Unterrichtseinheit";"Clearly worse than in the last lesson"
"TMLP_0001_L1_CHOICE2";"Schlechter als in der letzten Unterrichtseinheit";"Worse than in the last lesson"
"TMLP_0001_L1_CHOICE3";"Gleich wie in der letzten Unterrichtseinheit";"The same as in the last lesson"
"TMLP_0001_L1_CHOICE4";"Besser als in der letzten Unterrichtseinheit";"Better than in the last lesson"
"TMLP_0001_L1_CHOICE5";"Viel besser als in der letzten Unterrichtseinheit";"Much better than in the last lesson"
"TMLP_0003_L3_PROMPT";"Welche dieser Aussagen trifft auf die **generelle Qualität des Instrumentalspiels** zu?";"Which of these statements applies to the overall quality of the instrumental performance?"
"TMLP_0003_L3_CHOICE1";"Die Darbietung entspricht dem für dieses Leistungsniveau definierten Standard überwiegend nicht. Abweichungen sind durchgängig und prägen den Gesamteindruck maßgeblich.";"The performance predominantly does not meet the standard defined for this level of achievement. Deviations are consistent and significantly shape the overall impression."
"TMLP_0003_L3_CHOICE2";"Die Darbietung entspricht dem Standard nur teilweise. Häufige oder wiederholte Abweichungen sind erkennbar und beeinträchtigen den Gesamteindruck deutlich.";"The performance only partially meets the standard. Frequent or repeated deviations are noticeable and clearly impair the overall impression."
"TMLP_0003_L3_CHOICE3";"Die Darbietung entspricht dem Standard überwiegend. Es treten wiederkehrende, aber nicht durchgängige Abweichungen auf, die den Gesamteindruck stellenweise mindern.";"The performance predominantly meets the standard. Recurring but not consistent deviations occur, occasionally diminishing the overall impression."
"TMLP_0003_L3_CHOICE4";"Die Darbietung entspricht dem für dieses Leistungsniveau definierten Standard. Vereinzelte kleinere Abweichungen sind erkennbar, beeinträchtigen den Gesamteindruck jedoch nicht.";"The performance meets the standard defined for this level of achievement. Isolated minor deviations are noticeable but do not impair the overall impression."
"TMLP_0003_L3_CHOICE5";"Die Darbietung entspricht durchgehend dem für dieses Leistungsniveau definierten Standard und übertrifft ihn in einzelnen Aspekten. Musikalische, technische und interpretatorische Anforderungen werden souverän und mit professioneller Konsistenz erfüllt.";"The performance consistently meets the standard defined for this level of achievement and exceeds it in individual aspects. Musical, technical and interpretive requirements are met confidently and with professional consistency."
"TMLP_0003_L2_PROMPT";"Im Vergleich zu Schüler/innen auf vergleichbarem Niveau ist die **Qualität der Darbietung** bei diesem/dieser Schüler/in:";"Compared to pupils at a similar level, the quality of the performance for this pupil is:"
"TMLP_0003_L2_CHOICE1";"Deutlich schlechter als vergleichbare Schüler/innen";"Clearly worse than comparable pupils"
"TMLP_0003_L2_CHOICE2";"Schlechter als vergleichbare Schüler/innen";"Worse than comparable pupils"
"TMLP_0003_L2_CHOICE3";"Gleich wie vergleichbare Schüler/innen";"The same as comparable pupils"
"TMLP_0003_L2_CHOICE4";"Besser als vergleichbare Schüler/innen";"Better than comparable pupils"
"TMLP_0003_L2_CHOICE5";"Viel besser als vergleichbare Schüler/innen";"Much better than comparable pupils"
"TMLP_0003_L1_PROMPT";"Im Vergleich zur letzten Unterrichtseinheit ist die **Qualität der Darbietung** bei diesem/dieser Schüler/in:";"Compared to the last lesson, the quality of the performance for this pupil is:"
"TMLP_0003_L1_CHOICE1";"Deutlich schlechter als in der letzten Unterrichtseinheit";"Clearly worse than in the last lesson"
"TMLP_0003_L1_CHOICE2";"Schlechter als in der letzten Unterrichtseinheit";"Worse than in the last lesson"
"TMLP_0003_L1_CHOICE3";"Gleich wie in der letzten Unterrichtseinheit";"The same as in the last lesson"
"TMLP_0003_L1_CHOICE4";"Besser als in der letzten Unterrichtseinheit";"Better than in the last lesson"
"TMLP_0003_L1_CHOICE5";"Viel besser als in der letzten Unterrichtseinheit";"Much better than in the last lesson"
"TMLP_0004_L3_PROMPT";"Welche dieser Aussagen trifft auf die **generelle Qualität des Instrumentalspiels** zu?";"Which of these statements applies to the overall quality of the instrumental performance?"
"TMLP_0004_L3_CHOICE1";"Die Ausführung überzeugt überwiegend nicht. Durchgängige Schwächen in Klang, Technik oder musikalischem Ausdruck prägen den Gesamteindruck maßgeblich.";"The execution is predominantly not convincing. Consistent weaknesses in sound, technique or musical expression significantly shape the overall impression."
"TMLP_0004_L3_CHOICE2";"Die Ausführung überzeugt nur eingeschränkt. Mehrere Aspekte des Instrumentalspiels weisen deutliche Schwächen auf, die den Gesamteindruck merklich beeinträchtigen.";"The execution is only somewhat convincing. Several aspects of the instrumental playing show clear weaknesses that noticeably impair the overall impression."
"TMLP_0004_L3_CHOICE3";"Die Ausführung überzeugt teilweise. Einzelne Aspekte gelingen gut, wiederkehrende Schwächen in anderen Bereichen mindern den Gesamteindruck stellenweise.";"The execution is partially convincing. Some aspects succeed well, while recurring weaknesses in other areas occasionally diminish the overall impression."
"TMLP_0004_L3_CHOICE4";"Die Ausführung überzeugt insgesamt. Vereinzelte kleinere Schwächen sind erkennbar, schmälern den positiven Gesamteindruck aber nicht wesentlich.";"The execution is convincing overall. Isolated minor weaknesses are noticeable but do not significantly diminish the positive overall impression."
"TMLP_0004_L3_CHOICE5";"Die Ausführung überzeugt durchgehend auf hohem Niveau. Klang, Technik, Rhythmus und musikalischer Ausdruck fügen sich zu einer stimmigen, souveränen Gesamtdarbietung zusammen.";"The execution is consistently convincing at a high level. Sound, technique, rhythm and musical expression combine into a coherent, confident overall performance."
"TMLP_0004_L2_PROMPT";"Im Vergleich zu Schüler/innen auf vergleichbarem Niveau ist die **generelle Ausführung des Instrumentalspiels** bei diesem/dieser Schüler/in:";"Compared to pupils at a similar level, the overall execution of the instrumental playing for this pupil is:"
"TMLP_0004_L2_CHOICE1";"Deutlich schlechter als vergleichbare Schüler/innen";"Clearly worse than comparable pupils"
"TMLP_0004_L2_CHOICE2";"Schlechter als vergleichbare Schüler/innen";"Worse than comparable pupils"
"TMLP_0004_L2_CHOICE3";"Gleich wie vergleichbare Schüler/innen";"The same as comparable pupils"
"TMLP_0004_L2_CHOICE4";"Besser als vergleichbare Schüler/innen";"Better than comparable pupils"
"TMLP_0004_L2_CHOICE5";"Viel besser als vergleichbare Schüler/innen";"Much better than comparable pupils"
"TMLP_0004_L1_PROMPT";"Im Vergleich zur letzten Unterrichtseinheit ist die **generelle Ausführung des Instrumentalspiels** bei diesem/dieser Schüler/in:";"Compared to the last lesson, the overall execution of the instrumental playing for this pupil is:"
"TMLP_0004_L1_CHOICE1";"Deutlich schlechter als in der letzten Unterrichtseinheit";"Clearly worse than in the last lesson"
"TMLP_0004_L1_CHOICE2";"Schlechter als in der letzten Unterrichtseinheit";"Worse than in the last lesson"
"TMLP_0004_L1_CHOICE3";"Gleich wie in der letzten Unterrichtseinheit";"The same as in the last lesson"
"TMLP_0004_L1_CHOICE4";"Besser als in der letzten Unterrichtseinheit";"Better than in the last lesson"
"TMLP_0004_L1_CHOICE5";"Viel besser als in der letzten Unterrichtseinheit";"Much better than in the last lesson"
"TMLP_0005_L3_PROMPT";"Welche dieser Aussagen trifft auf die **technische Ausführung** zu?";"Which of these statements applies to the technical execution?"
"TMLP_0005_L3_CHOICE1";"Die Intonation ist durchgehend unsicher, unabhängig vom Schwierigkeitsgrad der Passage.";"The intonation is consistently inaccurate, regardless of the difficulty of the passage."
"TMLP_0005_L3_CHOICE2";"Die Intonation weist häufige Abweichungen auf, besonders in technisch anspruchsvollen Passagen.";"The intonation shows frequent deviations, especially in technically demanding passages."
"TMLP_0005_L3_CHOICE3";"Die Intonation ist überwiegend treffsicher, wird aber in technisch anspruchsvollen Passagen merklich instabil.";"The intonation is predominantly accurate but becomes noticeably unstable in technically demanding passages."
"TMLP_0005_L3_CHOICE4";"Die Intonation ist weitgehend treffsicher. In technisch anspruchsvollen Passagen treten vereinzelte, unauffällige Abweichungen auf.";"The intonation is largely accurate. Isolated, minor deviations occur in technically demanding passages."
"TMLP_0005_L3_CHOICE5";"Die Intonation ist durchgehend treffsicher und bleibt auch in technisch anspruchsvollen Passagen vollständig stabil.";"The intonation is consistently accurate and remains fully stable even in technically demanding passages."
"TMLP_0005_L2_PROMPT";"Im Vergleich zu Schüler/innen auf vergleichbarem Niveau ist die **Treffsicherheit und Stabilität der Intonation** bei diesem/dieser Schüler/in:";"Compared to pupils at a similar level, the accuracy and stability of the intonation for this pupil is:"
"TMLP_0005_L2_CHOICE1";"Deutlich schlechter als vergleichbare Schüler/innen";"Clearly worse than comparable pupils"
"TMLP_0005_L2_CHOICE2";"Schlechter als vergleichbare Schüler/innen";"Worse than comparable pupils"
"TMLP_0005_L2_CHOICE3";"Gleich wie vergleichbare Schüler/innen";"The same as comparable pupils"
"TMLP_0005_L2_CHOICE4";"Besser als vergleichbare Schüler/innen";"Better than comparable pupils"
"TMLP_0005_L2_CHOICE5";"Viel besser als vergleichbare Schüler/innen";"Much better than comparable pupils"
"TMLP_0005_L1_PROMPT";"Im Vergleich zur letzten Unterrichtseinheit ist die **Treffsicherheit und Stabilität der Intonation** bei diesem/dieser Schüler/in:";"Compared to the last lesson, the accuracy and stability of the intonation for this pupil is:"
"TMLP_0005_L1_CHOICE1";"Deutlich schlechter als in der letzten Unterrichtseinheit";"Clearly worse than in the last lesson"
"TMLP_0005_L1_CHOICE2";"Schlechter als in der letzten Unterrichtseinheit";"Worse than in the last lesson"
"TMLP_0005_L1_CHOICE3";"Gleich wie in der letzten Unterrichtseinheit";"The same as in the last lesson"
"TMLP_0005_L1_CHOICE4";"Besser als in der letzten Unterrichtseinheit";"Better than in the last lesson"
"TMLP_0005_L1_CHOICE5";"Viel besser als in der letzten Unterrichtseinheit";"Much better than in the last lesson"
"TMLP_0006_L3_PROMPT";"Welche dieser Aussagen trifft auf die **technische Ausführung** zu?";"Which of these statements applies to the technical execution?"
"TMLP_0006_L3_CHOICE1";"Der Rhythmus ist meist unklar oder ungenau gespielt.";"The rhythm is mostly played unclearly or imprecisely."
"TMLP_0006_L3_CHOICE2";"Der Rhythmus ist häufig ungenau: wiederholte rhythmische Fehler beeinträchtigen den Gesamteindruck.";"The rhythm is often imprecise: repeated rhythmic errors impair the overall impression."
"TMLP_0006_L3_CHOICE3";"Der Rhythmus ist überwiegend erkennbar, weist jedoch wiederkehrende Ungenauigkeiten auf.";"The rhythm is predominantly recognisable but shows recurring inaccuracies."
"TMLP_0006_L3_CHOICE4";"Der Rhythmus ist weitgehend klar und präzise. Vereinzelte kleine Ungenauigkeiten fallen kaum auf.";"The rhythm is largely clear and precise. Isolated minor inaccuracies are barely noticeable."
"TMLP_0006_L3_CHOICE5";"Der Rhythmus ist durchgehend klar und präzise gespielt.";"The rhythm is consistently played clearly and precisely."
"TMLP_0006_L2_PROMPT";"Im Vergleich zu Schüler/innen auf vergleichbarem Niveau ist die **Klarheit und Präzision des Rhythmus** bei diesem/dieser Schüler/in:";"Compared to pupils at a similar level, the clarity and precision of the rhythm for this pupil is:"
"TMLP_0006_L2_CHOICE1";"Deutlich schlechter als vergleichbare Schüler/innen";"Clearly worse than comparable pupils"
"TMLP_0006_L2_CHOICE2";"Schlechter als vergleichbare Schüler/innen";"Worse than comparable pupils"
"TMLP_0006_L2_CHOICE3";"Gleich wie vergleichbare Schüler/innen";"The same as comparable pupils"
"TMLP_0006_L2_CHOICE4";"Besser als vergleichbare Schüler/innen";"Better than comparable pupils"
"TMLP_0006_L2_CHOICE5";"Viel besser als vergleichbare Schüler/innen";"Much better than comparable pupils"
"TMLP_0006_L1_PROMPT";"Im Vergleich zur letzten Unterrichtseinheit ist die **Klarheit und Präzision des Rhythmus** bei diesem/dieser Schüler/in:";"Compared to the last lesson, the clarity and precision of the rhythm for this pupil is:"
"TMLP_0006_L1_CHOICE1";"Deutlich schlechter als in der letzten Unterrichtseinheit";"Clearly worse than in the last lesson"
"TMLP_0006_L1_CHOICE2";"Schlechter als in der letzten Unterrichtseinheit";"Worse than in the last lesson"
"TMLP_0006_L1_CHOICE3";"Gleich wie in der letzten Unterrichtseinheit";"The same as in the last lesson"
"TMLP_0006_L1_CHOICE4";"Besser als in der letzten Unterrichtseinheit";"Better than in the last lesson"
"TMLP_0006_L1_CHOICE5";"Viel besser als in der letzten Unterrichtseinheit";"Much better than in the last lesson"
"TMLP_0007_L3_PROMPT";"Welche dieser Aussagen trifft auf die **technische Ausführung** zu?";"Which of these statements applies to the technical execution?"
"TMLP_0007_L3_CHOICE1";"Das Tempo ist durchgehend inkonsistent oder dem Stück nicht angemessen.";"The tempo is consistently inconsistent or inappropriate for the piece."
"TMLP_0007_L3_CHOICE2";"Das Tempo schwankt häufig oder ist dem Stück nur eingeschränkt angemessen.";"The tempo fluctuates frequently or is only somewhat appropriate for the piece."
"TMLP_0007_L3_CHOICE3";"Das Tempo ist teilweise konsistent, schwankt jedoch wiederkehrend oder ist nicht durchgehend dem Stück angemessen.";"The tempo is partially consistent but fluctuates recurringly or is not consistently appropriate for the piece."
"TMLP_0007_L3_CHOICE4";"Das Tempo ist weitgehend konsistent und angemessen; vereinzelt gibt es kleine Schwankungen.";"The tempo is largely consistent and appropriate; isolated minor fluctuations occur."
"TMLP_0007_L3_CHOICE5";"Das Tempo ist durchgehend konsistent und dem Stück in jeder Hinsicht angemessen.";"The tempo is consistently consistent and fully appropriate for the piece in every respect."
"TMLP_0007_L2_PROMPT";"Im Vergleich zu Schüler/innen auf vergleichbarem Niveau ist die **Konsistenz und Angemessenheit des Tempos** bei diesem/dieser Schüler/in:";"Compared to pupils at a similar level, the consistency and appropriateness of the tempo for this pupil is:"
"TMLP_0007_L2_CHOICE1";"Deutlich schlechter als vergleichbare Schüler/innen";"Clearly worse than comparable pupils"
"TMLP_0007_L2_CHOICE2";"Schlechter als vergleichbare Schüler/innen";"Worse than comparable pupils"
"TMLP_0007_L2_CHOICE3";"Gleich wie vergleichbare Schüler/innen";"The same as comparable pupils"
"TMLP_0007_L2_CHOICE4";"Besser als vergleichbare Schüler/innen";"Better than comparable pupils"
"TMLP_0007_L2_CHOICE5";"Viel besser als vergleichbare Schüler/innen";"Much better than comparable pupils"
"TMLP_0007_L1_PROMPT";"Im Vergleich zur letzten Unterrichtseinheit ist die **Konsistenz und Angemessenheit des Tempos** bei diesem/dieser Schüler/in:";"Compared to the last lesson, the consistency and appropriateness of the tempo for this pupil is:"
"TMLP_0007_L1_CHOICE1";"Deutlich schlechter als in der letzten Unterrichtseinheit";"Clearly worse than in the last lesson"
"TMLP_0007_L1_CHOICE2";"Schlechter als in der letzten Unterrichtseinheit";"Worse than in the last lesson"
"TMLP_0007_L1_CHOICE3";"Gleich wie in der letzten Unterrichtseinheit";"The same as in the last lesson"
"TMLP_0007_L1_CHOICE4";"Besser als in der letzten Unterrichtseinheit";"Better than in the last lesson"
"TMLP_0007_L1_CHOICE5";"Viel besser als in der letzten Unterrichtseinheit";"Much better than in the last lesson"
"TMLP_0009_L3_PROMPT";"Welche dieser Aussagen trifft auf die **technische Ausführung** zu?";"Which of these statements applies to the technical execution?"
"TMLP_0009_L3_CHOICE1";"Die Artikulation ist überwiegend uneinheitlich und entspricht kaum den aufgezeichneten Angaben.";"The articulation is predominantly inconsistent and hardly corresponds to the recorded instructions."
"TMLP_0009_L3_CHOICE2";"Die Artikulation weicht häufig von den aufgezeichneten Angaben ab oder ist uneinheitlich.";"The articulation frequently deviates from the recorded instructions or is inconsistent."
"TMLP_0009_L3_CHOICE3";"Die Artikulation entspricht teilweise den aufgezeichneten Angaben; wiederkehrende Abweichungen sind erkennbar.";"The articulation partially corresponds to the recorded instructions; recurring deviations are noticeable."
"TMLP_0009_L3_CHOICE4";"Die Artikulation entspricht weitgehend den aufgezeichneten Angaben; vereinzelte Abweichungen sind unauffällig.";"The articulation largely corresponds to the recorded instructions; isolated deviations are unobtrusive."
"TMLP_0009_L3_CHOICE5";"Die Artikulation ist durchgehend einheitlich und entspricht vollständig den aufgezeichneten Angaben.";"The articulation is consistently uniform and fully corresponds to the recorded instructions."
"TMLP_0009_L2_PROMPT";"Im Vergleich zu Schüler/innen auf vergleichbarem Niveau ist die **Einheitlichkeit der Artikulation** bei diesem/dieser Schüler/in:";"Compared to pupils at a similar level, the consistency of the articulation for this pupil is:"
"TMLP_0009_L2_CHOICE1";"Deutlich schlechter als vergleichbare Schüler/innen";"Clearly worse than comparable pupils"
"TMLP_0009_L2_CHOICE2";"Schlechter als vergleichbare Schüler/innen";"Worse than comparable pupils"
"TMLP_0009_L2_CHOICE3";"Gleich wie vergleichbare Schüler/innen";"The same as comparable pupils"
"TMLP_0009_L2_CHOICE4";"Besser als vergleichbare Schüler/innen";"Better than comparable pupils"
"TMLP_0009_L2_CHOICE5";"Viel besser als vergleichbare Schüler/innen";"Much better than comparable pupils"
"TMLP_0009_L1_PROMPT";"Im Vergleich zur letzten Unterrichtseinheit ist die **Einheitlichkeit der Artikulation** bei diesem/dieser Schüler/in:";"Compared to the last lesson, the consistency of the articulation for this pupil is:"
"TMLP_0009_L1_CHOICE1";"Deutlich schlechter als in der letzten Unterrichtseinheit";"Clearly worse than in the last lesson"
"TMLP_0009_L1_CHOICE2";"Schlechter als in der letzten Unterrichtseinheit";"Worse than in the last lesson"
"TMLP_0009_L1_CHOICE3";"Gleich wie in der letzten Unterrichtseinheit";"The same as in the last lesson"
"TMLP_0009_L1_CHOICE4";"Besser als in der letzten Unterrichtseinheit";"Better than in the last lesson"
"TMLP_0009_L1_CHOICE5";"Viel besser als in der letzten Unterrichtseinheit";"Much better than in the last lesson"
"TMLP_0010_L3_PROMPT";"Welche dieser Aussagen trifft auf die **technische Ausführung** zu?";"Which of these statements applies to the technical execution?"
"TMLP_0010_L3_CHOICE1";"Der Klang ist überwiegend dünn, wenig tragfähig und nicht charakteristisch für das Instrument.";"The sound is predominantly thin, lacks resonance and is not characteristic of the instrument."
"TMLP_0010_L3_CHOICE2";"Der Klang ist häufig wenig tragfähig oder nur eingeschränkt charakteristisch für das Instrument.";"The sound is often lacking in resonance or only somewhat characteristic of the instrument."
"TMLP_0010_L3_CHOICE3";"Der Klang ist teilweise voll und charakteristisch, wirkt in anderen Abschnitten dünn oder unspezifisch.";"The sound is partially full and characteristic, but seems thin or unspecific in other sections."
"TMLP_0010_L3_CHOICE4";"Der Klang ist weitgehend voll und charakteristisch für das Instrument; vereinzelt wirkt er weniger tragfähig.";"The sound is largely full and characteristic of the instrument; in isolated moments it seems less resonant."
"TMLP_0010_L3_CHOICE5";"Der Klang ist durchgehend voll, tragfähig und charakteristisch für das Instrument.";"The sound is consistently full, resonant and characteristic of the instrument."
"TMLP_0010_L2_PROMPT";"Im Vergleich zu Schüler/innen auf vergleichbarem Niveau ist die **Fülle und Tragfähigkeit des Klangs** bei diesem/dieser Schüler/in:";"Compared to pupils at a similar level, the fullness and resonance of the sound for this pupil is:"
"TMLP_0010_L2_CHOICE1";"Deutlich schlechter als vergleichbare Schüler/innen";"Clearly worse than comparable pupils"
"TMLP_0010_L2_CHOICE2";"Schlechter als vergleichbare Schüler/innen";"Worse than comparable pupils"
"TMLP_0010_L2_CHOICE3";"Gleich wie vergleichbare Schüler/innen";"The same as comparable pupils"
"TMLP_0010_L2_CHOICE4";"Besser als vergleichbare Schüler/innen";"Better than comparable pupils"
"TMLP_0010_L2_CHOICE5";"Viel besser als vergleichbare Schüler/innen";"Much better than comparable pupils"
"TMLP_0010_L1_PROMPT";"Im Vergleich zur letzten Unterrichtseinheit ist die **Fülle und Tragfähigkeit des Klangs** bei diesem/dieser Schüler/in:";"Compared to the last lesson, the fullness and resonance of the sound for this pupil is:"
"TMLP_0010_L1_CHOICE1";"Deutlich schlechter als in der letzten Unterrichtseinheit";"Clearly worse than in the last lesson"
"TMLP_0010_L1_CHOICE2";"Schlechter als in der letzten Unterrichtseinheit";"Worse than in the last lesson"
"TMLP_0010_L1_CHOICE3";"Gleich wie in der letzten Unterrichtseinheit";"The same as in the last lesson"
"TMLP_0010_L1_CHOICE4";"Besser als in der letzten Unterrichtseinheit";"Better than in the last lesson"
"TMLP_0010_L1_CHOICE5";"Viel besser als in der letzten Unterrichtseinheit";"Much better than in the last lesson"
"TMLP_0011_L3_PROMPT";"Welche dieser Aussagen trifft auf die **technische Ausführung** zu?";"Which of these statements applies to the technical execution?"
"TMLP_0011_L3_CHOICE1";"Die technischen Fertigkeiten reichen für den Schwierigkeitsgrad überwiegend nicht aus.";"The technical skills are predominantly insufficient for the level of difficulty."
"TMLP_0011_L3_CHOICE2";"Die technischen Fertigkeiten reichen für den Schwierigkeitsgrad häufig nicht aus.";"The technical skills are often insufficient for the level of difficulty."
"TMLP_0011_L3_CHOICE3";"Die technischen Fertigkeiten reichen teilweise für den Schwierigkeitsgrad aus, mit wiederkehrenden Unsicherheiten.";"The technical skills are partially sufficient for the level of difficulty, with recurring uncertainties."
"TMLP_0011_L3_CHOICE4";"Die technischen Fertigkeiten sind dem Schwierigkeitsgrad weitgehend angemessen; vereinzelte Unsicherheiten sind erkennbar.";"The technical skills are largely appropriate to the level of difficulty; isolated uncertainties are noticeable."
"TMLP_0011_L3_CHOICE5";"Die technischen Fertigkeiten sind dem Schwierigkeitsgrad durchgehend angemessen und werden sicher beherrscht.";"The technical skills are consistently appropriate to the level of difficulty and performed with confidence."
"TMLP_0011_L2_PROMPT";"Im Vergleich zu Schüler/innen auf vergleichbarem Niveau ist die **Sicherheit der technischen Fertigkeiten** bei diesem/dieser Schüler/in:";"Compared to pupils at a similar level, the security of the technical skills for this pupil is:"
"TMLP_0011_L2_CHOICE1";"Deutlich schlechter als vergleichbare Schüler/innen";"Clearly worse than comparable pupils"
"TMLP_0011_L2_CHOICE2";"Schlechter als vergleichbare Schüler/innen";"Worse than comparable pupils"
"TMLP_0011_L2_CHOICE3";"Gleich wie vergleichbare Schüler/innen";"The same as comparable pupils"
"TMLP_0011_L2_CHOICE4";"Besser als vergleichbare Schüler/innen";"Better than comparable pupils"
"TMLP_0011_L2_CHOICE5";"Viel besser als vergleichbare Schüler/innen";"Much better than comparable pupils"
"TMLP_0011_L1_PROMPT";"Im Vergleich zur letzten Unterrichtseinheit ist die **Sicherheit der technischen Fertigkeiten** bei diesem/dieser Schüler/in:";"Compared to the last lesson, the security of the technical skills for this pupil is:"
"TMLP_0011_L1_CHOICE1";"Deutlich schlechter als in der letzten Unterrichtseinheit";"Clearly worse than in the last lesson"
"TMLP_0011_L1_CHOICE2";"Schlechter als in der letzten Unterrichtseinheit";"Worse than in the last lesson"
"TMLP_0011_L1_CHOICE3";"Gleich wie in der letzten Unterrichtseinheit";"The same as in the last lesson"
"TMLP_0011_L1_CHOICE4";"Besser als in der letzten Unterrichtseinheit";"Better than in the last lesson"
"TMLP_0011_L1_CHOICE5";"Viel besser als in der letzten Unterrichtseinheit";"Much better than in the last lesson"
"TMLP_0012_L3_PROMPT";"Welche dieser Aussagen trifft auf **das Instrumentalspiel** des/der Schüler/in zu?";"Which of these statements applies to the execution of the pupil?"
"TMLP_0012_L3_CHOICE1";"Die Atemführung ist überwiegend unökonomisch. Klangproduktion und Intonation sind durchgehend instabil.";"The breathing technique is predominantly uneconomical. Tone production and intonation are consistently unstable."
"TMLP_0012_L3_CHOICE2";"Die Atemführung ist häufig unökonomisch. Klangproduktion und Intonation sind entsprechend instabil.";"The breathing technique is often uneconomical. Tone production and intonation are correspondingly unstable."
"TMLP_0012_L3_CHOICE3";"Die Atemführung ist teilweise ökonomisch. Klangproduktion und Intonation schwanken wiederkehrend.";"The breathing technique is partially economical. Tone production and intonation fluctuate recurringly."
"TMLP_0012_L3_CHOICE4";"Die Atemführung ist weitgehend ökonomisch. Klangproduktion und Intonation bleiben überwiegend stabil, mit vereinzelten kleinen Schwankungen.";"The breathing technique is largely economical. Tone production and intonation remain mostly stable, with isolated minor fluctuations."
"TMLP_0012_L3_CHOICE5";"Die Atemführung ist durchgehend ökonomisch und ermöglicht eine gleichmäßige Klangproduktion sowie stabile Intonation.";"The breathing technique is consistently economical and enables even tone production and stable intonation."
"TMLP_0012_L2_PROMPT";"Im Vergleich zu Schüler/innen auf vergleichbarem Niveau ist die **Ökonomie der Atemführung** bei diesem/dieser Schüler/in:";"Compared to pupils at a similar level, the economy of the breathing technique for this pupil is:"
"TMLP_0012_L2_CHOICE1";"Deutlich schlechter als vergleichbare Schüler/innen";"Clearly worse than comparable pupils"
"TMLP_0012_L2_CHOICE2";"Schlechter als vergleichbare Schüler/innen";"Worse than comparable pupils"
"TMLP_0012_L2_CHOICE3";"Gleich wie vergleichbare Schüler/innen";"The same as comparable pupils"
"TMLP_0012_L2_CHOICE4";"Besser als vergleichbare Schüler/innen";"Better than comparable pupils"
"TMLP_0012_L2_CHOICE5";"Viel besser als vergleichbare Schüler/innen";"Much better than comparable pupils"
"TMLP_0012_L1_PROMPT";"Im Vergleich zur letzten Unterrichtseinheit ist die **Ökonomie der Atemführung** bei diesem/dieser Schüler/in:";"Compared to the last lesson, the economy of the breathing technique for this pupil is:"
"TMLP_0012_L1_CHOICE1";"Deutlich schlechter als in der letzten Unterrichtseinheit";"Clearly worse than in the last lesson"
"TMLP_0012_L1_CHOICE2";"Schlechter als in der letzten Unterrichtseinheit";"Worse than in the last lesson"
"TMLP_0012_L1_CHOICE3";"Gleich wie in der letzten Unterrichtseinheit";"The same as in the last lesson"
"TMLP_0012_L1_CHOICE4";"Besser als in der letzten Unterrichtseinheit";"Better than in the last lesson"
"TMLP_0012_L1_CHOICE5";"Viel besser als in der letzten Unterrichtseinheit";"Much better than in the last lesson"
"TMLP_0013_L3_PROMPT";"Welche dieser Aussagen trifft auf **das Instrumentalspiel** des/der Schüler/in zu?";"Which of the following statements applies to the pupil’s instrumental playing?"
"TMLP_0013_L3_CHOICE1";"Rohrblatt bzw. Mundstück werden überwiegend unkontrolliert eingesetzt; ein charakteristischer, fokussierter Ton entsteht kaum.";"The reed/mouthpiece are predominantly used without control; a distinctive, focused tone hardly emerges."
"TMLP_0013_L3_CHOICE2";"Rohrblatt bzw. Mundstück werden häufig unkontrolliert eingesetzt; der Ton wirkt entsprechend unfokussiert.";"The reed/mouthpiece are often used without control; the tone seems correspondingly unfocused."
"TMLP_0013_L3_CHOICE3";"Rohrblatt bzw. Mundstück werden teilweise kontrolliert eingesetzt; der Ton ist nur zeitweise fokussiert und charakteristisch.";"The reed/mouthpiece are partially used with control; the tone is only occasionally focused and distinctive."
"TMLP_0013_L3_CHOICE4";"Rohrblatt bzw. Mundstück werden weitgehend kontrolliert eingesetzt; der Ton ist überwiegend fokussiert, mit vereinzelten Abweichungen.";"The reed/mouthpiece are largely used with control; the tone is mostly focused, with isolated deviations."
"TMLP_0013_L3_CHOICE5";"Rohrblatt bzw. Mundstück werden durchgehend kontrolliert eingesetzt und erzeugen einen charakteristischen, fokussierten Ton.";"The reed/mouthpiece are consistently used with control and produce a distinctive, focused tone."
"TMLP_0013_L2_PROMPT";"Im Vergleich zu Schüler/innen auf vergleichbarem Niveau ist die **Kontrolle beim Einsatz von Rohrblatt bzw. Mundstück** bei diesem/dieser Schüler/in:";"Compared to pupils at a similar level, the control in the use of the reed/mouthpiece for this pupil is:"
"TMLP_0013_L2_CHOICE1";"Deutlich schlechter als vergleichbare Schüler/innen";"Clearly worse than comparable pupils"
"TMLP_0013_L2_CHOICE2";"Schlechter als vergleichbare Schüler/innen";"Worse than comparable pupils"
"TMLP_0013_L2_CHOICE3";"Gleich wie vergleichbare Schüler/innen";"The same as comparable pupils"
"TMLP_0013_L2_CHOICE4";"Besser als vergleichbare Schüler/innen";"Better than comparable pupils"
"TMLP_0013_L2_CHOICE5";"Viel besser als vergleichbare Schüler/innen";"Much better than comparable pupils"
"TMLP_0013_L1_PROMPT";"Im Vergleich zur letzten Unterrichtseinheit ist die **Kontrolle beim Einsatz von Rohrblatt bzw. Mundstück** bei diesem/dieser Schüler/in:";"Compared to the last lesson, the control in the use of the reed/mouthpiece for this pupil is:"
"TMLP_0013_L1_CHOICE1";"Deutlich schlechter als in der letzten Unterrichtseinheit";"Clearly worse than in the last lesson"
"TMLP_0013_L1_CHOICE2";"Schlechter als in der letzten Unterrichtseinheit";"Worse than in the last lesson"
"TMLP_0013_L1_CHOICE3";"Gleich wie in der letzten Unterrichtseinheit";"The same as in the last lesson"
"TMLP_0013_L1_CHOICE4";"Besser als in der letzten Unterrichtseinheit";"Better than in the last lesson"
"TMLP_0013_L1_CHOICE5";"Viel besser als in der letzten Unterrichtseinheit";"Much better than in the last lesson"
"TMLP_0014_L3_PROMPT";"Welche dieser Aussagen trifft auf **das Instrumentalspiel** des/der Schüler/in zu?";"Which of the following statements applies to the pupil’s instrumental playing?"
"TMLP_0014_L3_CHOICE1";"Anblastöne und Zungenanschläge sind überwiegend unsauber. Nebengeräusche sind durchgehend vorhanden.";"The initial notes and tongue strikes are predominantly unclean. Background noises are consistently present."
"TMLP_0014_L3_CHOICE2";"Anblastöne und Zungenanschläge sind häufig unsauber. Nebengeräusche treten wiederholt auf.";"The initial notes and tongue strikes are often unclean. Background noises occur repeatedly."
"TMLP_0014_L3_CHOICE3";"Anblastöne und Zungenanschläge sind teilweise klar. Wiederkehrende Nebengeräusche sind erkennbar.";"The initial notes and tongue strikes are partially clear. Recurring background noises are noticeable."
"TMLP_0014_L3_CHOICE4";"Anblastöne und Zungenanschläge sind weitgehend klar und sauber. Vereinzelte, unauffällige Nebengeräusche treten auf.";"The initial notes and tongue strikes are largely clear and clean. Isolated, unobtrusive background noises occur."
"TMLP_0014_L3_CHOICE5";"Anblastöne und Zungenanschläge sind durchgehend klar und sauber. Störende Nebengeräusche sind nicht vorhanden.";"The initial notes and tongue strikes are consistently clear and clean. There are no distracting background noises."
"TMLP_0014_L2_PROMPT";"Im Vergleich zu Schüler/innen auf vergleichbarem Niveau ist die **Klarheit von Anblastönen und Zungenanschlägen** bei diesem/dieser Schüler/in:";"Compared to pupils at a similar level, the clarity of the initial notes and tongue strikes for this pupil is:"
"TMLP_0014_L2_CHOICE1";"Deutlich schlechter als vergleichbare Schüler/innen";"Clearly worse than comparable pupils"
"TMLP_0014_L2_CHOICE2";"Schlechter als vergleichbare Schüler/innen";"Worse than comparable pupils"
"TMLP_0014_L2_CHOICE3";"Gleich wie vergleichbare Schüler/innen";"The same as comparable pupils"
"TMLP_0014_L2_CHOICE4";"Besser als vergleichbare Schüler/innen";"Better than comparable pupils"
"TMLP_0014_L2_CHOICE5";"Viel besser als vergleichbare Schüler/innen";"Much better than comparable pupils"
"TMLP_0014_L1_PROMPT";"Im Vergleich zur letzten Unterrichtseinheit ist die **Klarheit von Anblastönen und Zungenanschlägen** bei diesem/dieser Schüler/in:";"Compared to the last lesson, the clarity of the initial notes and tongue strikes for this pupil is:"
"TMLP_0014_L1_CHOICE1";"Deutlich schlechter als in der letzten Unterrichtseinheit";"Clearly worse than in the last lesson"
"TMLP_0014_L1_CHOICE2";"Schlechter als in der letzten Unterrichtseinheit";"Worse than in the last lesson"
"TMLP_0014_L1_CHOICE3";"Gleich wie in der letzten Unterrichtseinheit";"The same as in the last lesson"
"TMLP_0014_L1_CHOICE4";"Besser als in der letzten Unterrichtseinheit";"Better than in the last lesson"
"TMLP_0014_L1_CHOICE5";"Viel besser als in der letzten Unterrichtseinheit";"Much better than in the last lesson"
"TMLP_0015_L3_PROMPT";"Welche dieser Aussagen trifft auf **das Instrumentalspiel** des/der Schüler/in zu?";"Which of the following statements applies to the pupil’s instrumental playing?"
"TMLP_0015_L3_CHOICE1";"Der Fingerwechsel ist überwiegend ungenau und geräuschbehaftet; Griffkombinationen werden nicht sicher beherrscht.";"Finger changes are predominantly imprecise and audible. fingering combinations are not performed with confidence."
"TMLP_0015_L3_CHOICE2";"Der Fingerwechsel ist häufig ungenau oder geräuschbehaftet. Griffkombinationen werden selten sicher beherrscht.";"Finger changes are often imprecise or audible. Fingering combinations are rarely performed with confidence."
"TMLP_0015_L3_CHOICE3";"Der Fingerwechsel ist teilweise präzise; Griffkombinationen werden nur teilweise sicher beherrscht.";"Finger changes are partially precise. Fingering combinations are only partially performed with confidence."
"TMLP_0015_L3_CHOICE4";"Der Fingerwechsel ist weitgehend präzise und geräuschlos. Einzelne Griffkombinationen wirken noch unsicher.";"Finger changes are largely precise and silent. Individual fingering combinations still seem uncertain."
"TMLP_0015_L3_CHOICE5";"Der Fingerwechsel ist durchgehend präzise und geräuschlos. Griffkombinationen werden sicher beherrscht.";"Finger changes are consistently precise and silent. Fingering combinations are performed with confidence."
"TMLP_0015_L2_PROMPT";"Im Vergleich zu Schüler/innen auf vergleichbarem Niveau ist die **Präzision des Fingerwechsels und der Griffkombinationen** bei diesem/dieser Schüler/in:";"Compared to pupils at a similar level, the precision of finger changes and fingering combinations for this pupil is:"
"TMLP_0015_L2_CHOICE1";"Deutlich schlechter als vergleichbare Schüler/innen";"Clearly worse than comparable pupils"
"TMLP_0015_L2_CHOICE2";"Schlechter als vergleichbare Schüler/innen";"Worse than comparable pupils"
"TMLP_0015_L2_CHOICE3";"Gleich wie vergleichbare Schüler/innen";"The same as comparable pupils"
"TMLP_0015_L2_CHOICE4";"Besser als vergleichbare Schüler/innen";"Better than comparable pupils"
"TMLP_0015_L2_CHOICE5";"Viel besser als vergleichbare Schüler/innen";"Much better than comparable pupils"
"TMLP_0015_L1_PROMPT";"Im Vergleich zur letzten Unterrichtseinheit ist die **Präzision des Fingerwechsels und der Griffkombinationen** bei diesem/dieser Schüler/in:";"Compared to the last lesson, the precision of finger changes and fingering combinations for this pupil is:"
"TMLP_0015_L1_CHOICE1";"Deutlich schlechter als in der letzten Unterrichtseinheit";"Clearly worse than in the last lesson"
"TMLP_0015_L1_CHOICE2";"Schlechter als in der letzten Unterrichtseinheit";"Worse than in the last lesson"
"TMLP_0015_L1_CHOICE3";"Gleich wie in der letzten Unterrichtseinheit";"The same as in the last lesson"
"TMLP_0015_L1_CHOICE4";"Besser als in der letzten Unterrichtseinheit";"Better than in the last lesson"
"TMLP_0015_L1_CHOICE5";"Viel besser als in der letzten Unterrichtseinheit";"Much better than in the last lesson"
"TMLP_0016_L3_PROMPT";"Welche dieser Aussagen trifft auf **das Instrumentalspiel** des/der Schüler/in zu?";"Which of the following statements applies to the pupil’s instrumental playing?"
"TMLP_0016_L3_CHOICE1";"Intonation und Klangfarbe sind durchgehend instabil, unabhängig von der Lage.";"Intonation and timbre are consistently unstable, regardless of the register."
"TMLP_0016_L3_CHOICE2";"Intonation und Klangfarbe schwanken häufig, besonders in den Randlagen und Überblasregistern.";"Intonation and timbre frequently fluctuate, especially in the outer and overblow registers."
"TMLP_0016_L3_CHOICE3";"Intonation und Klangfarbe bleiben in der mittleren Lage stabil, schwanken jedoch merklich in Überblasregistern.";"Intonation and timbre remain stable in the middle register but fluctuate noticeably in overblow registers."
"TMLP_0016_L3_CHOICE4";"Intonation und Klangfarbe bleiben weitgehend stabil. Im Überblasregister treten vereinzelte kleine Schwankungen auf.";"Intonation and timbre largely remain stable. Isolated minor fluctuations occur in the overblow register."
"TMLP_0016_L3_CHOICE5";"Intonation und Klangfarbe bleiben durchgehend in allen Lagen – einschließlich Überblasregistern – gleichmäßig und stabil.";"Intonation and timbre consistently remain even and stable across all registers – including overblow registers."
"TMLP_0016_L2_PROMPT";"Im Vergleich zu Schüler/innen auf vergleichbarem Niveau ist die **Stabilität von Intonation und Klangfarbe über alle Lagen** bei diesem/dieser Schüler/in:";"Compared to pupils at a similar level, the stability of intonation and timbre across all registers for this pupil is:"
"TMLP_0016_L2_CHOICE1";"Deutlich schlechter als vergleichbare Schüler/innen";"Clearly worse than comparable pupils"
"TMLP_0016_L2_CHOICE2";"Schlechter als vergleichbare Schüler/innen";"Worse than comparable pupils"
"TMLP_0016_L2_CHOICE3";"Gleich wie vergleichbare Schüler/innen";"The same as comparable pupils"
"TMLP_0016_L2_CHOICE4";"Besser als vergleichbare Schüler/innen";"Better than comparable pupils"
"TMLP_0016_L2_CHOICE5";"Viel besser als vergleichbare Schüler/innen";"Much better than comparable pupils"
"TMLP_0016_L1_PROMPT";"Im Vergleich zur letzten Unterrichtseinheit ist die **Stabilität von Intonation und Klangfarbe über alle Lagen** bei diesem/dieser Schüler/in:";"Compared to the last lesson, the stability of intonation and timbre across all registers for this pupil is:"
"TMLP_0016_L1_CHOICE1";"Deutlich schlechter als in der letzten Unterrichtseinheit";"Clearly worse than in the last lesson"
"TMLP_0016_L1_CHOICE2";"Schlechter als in der letzten Unterrichtseinheit";"Worse than in the last lesson"
"TMLP_0016_L1_CHOICE3";"Gleich wie in der letzten Unterrichtseinheit";"The same as in the last lesson"
"TMLP_0016_L1_CHOICE4";"Besser als in der letzten Unterrichtseinheit";"Better than in the last lesson"
"TMLP_0016_L1_CHOICE5";"Viel besser als in der letzten Unterrichtseinheit";"Much better than in the last lesson"
"TMLP_0017_L3_PROMPT";"Welche dieser Aussagen trifft auf **das Instrumentalspiel** des/der Schüler/in zu?";"Which of the following statements applies to the pupil’s instrumental playing?"
"TMLP_0017_L3_CHOICE1";"Der Ton ist überwiegend dünn und nicht resonant. Störende Nebengeräusche sind durchgehend vorhanden.";"The sound is predominantly thin and lacking resonance. Distracting background noise is consistently present."
"TMLP_0017_L3_CHOICE2";"Der Ton ist häufig dünn oder wenig resonant. Nebengeräusche treten wiederholt auf.";"The sound is often thin or lacks resonance;. Background noise occurs repeatedly."
"TMLP_0017_L3_CHOICE3";"Der Ton ist teilweise voll und resonant; wiederkehrende Nebengeräusche (z. B. Schnarren) sind erkennbar.";"The sound is partially full and resonant. Recurring background noise (e.g. buzzing) is noticeable."
"TMLP_0017_L3_CHOICE4";"Der Ton ist weitgehend voll und resonant. Vereinzelt treten leichte Nebengeräusche auf.";"The sound is largely full and resonant. Isolated slight background noise occurs."
"TMLP_0017_L3_CHOICE5";"Der Ton ist durchgehend voll, resonant und frei von störenden Nebengeräuschen (z. B. Schnarren).";"The sound is consistently full, resonant and free from distracting background noise (e.g. buzzing)."
"TMLP_0017_L2_PROMPT";"Im Vergleich zu Schüler/innen auf vergleichbarem Niveau ist die **Fülle und Resonanz des Tons** bei diesem/dieser Schüler/in:";"Compared to pupils at a similar level, the fullness and resonance of the tone for this pupil is:"
"TMLP_0017_L2_CHOICE1";"Deutlich schlechter als vergleichbare Schüler/innen";"Clearly worse than comparable pupils"
"TMLP_0017_L2_CHOICE2";"Schlechter als vergleichbare Schüler/innen";"Worse than comparable pupils"
"TMLP_0017_L2_CHOICE3";"Gleich wie vergleichbare Schüler/innen";"The same as comparable pupils"
"TMLP_0017_L2_CHOICE4";"Besser als vergleichbare Schüler/innen";"Better than comparable pupils"
"TMLP_0017_L2_CHOICE5";"Viel besser als vergleichbare Schüler/innen";"Much better than comparable pupils"
"TMLP_0017_L1_PROMPT";"Im Vergleich zur letzten Unterrichtseinheit ist die **Fülle und Resonanz des Tons** bei diesem/dieser Schüler/in:";"Compared to the last lesson, the fullness and resonance of the tone for this pupil is:"
"TMLP_0017_L1_CHOICE1";"Deutlich schlechter als in der letzten Unterrichtseinheit";"Clearly worse than in the last lesson"
"TMLP_0017_L1_CHOICE2";"Schlechter als in der letzten Unterrichtseinheit";"Worse than in the last lesson"
"TMLP_0017_L1_CHOICE3";"Gleich wie in der letzten Unterrichtseinheit";"The same as in the last lesson"
"TMLP_0017_L1_CHOICE4";"Besser als in der letzten Unterrichtseinheit";"Better than in the last lesson"
"TMLP_0017_L1_CHOICE5";"Viel besser als in der letzten Unterrichtseinheit";"Much better than in the last lesson"
"TMLP_0018_L3_PROMPT";"Welche dieser Aussagen trifft auf **das Instrumentalspiel** des/der Schüler/in zu?";"Which of the following statements applies to the pupil’s instrumental playing?"
"TMLP_0018_L3_CHOICE1";"Die Anschlagstechnik der rechten Hand ist überwiegend unkoordiniert und spannungsbehaftet.";"The right-hand technique is predominantly uncoordinated and tense."
"TMLP_0018_L3_CHOICE2";"Die Anschlagstechnik der rechten Hand ist häufig unkoordiniert oder verspannt.";"The right-hand technique is often uncoordinated or tense."
"TMLP_0018_L3_CHOICE3";"Die Anschlagstechnik der rechten Hand ist teilweise koordiniert; wiederkehrende Spannungen oder Unregelmäßigkeiten treten auf.";"The right-hand technique is partially coordinated; recurring tension or irregularities occur."
"TMLP_0018_L3_CHOICE4";"Die Anschlagstechnik der rechten Hand ist weitgehend koordiniert und spannungsfrei; vereinzelte Anspannungen sind erkennbar.";"The right-hand technique is largely coordinated and relaxed; isolated tension is noticeable."
"TMLP_0018_L3_CHOICE5";"Die Anschlagstechnik der rechten Hand (Fingerwechsel i-m, Ruhestrich/Freistrich, Daumen-Bassführung) ist durchgehend koordiniert und spannungsfrei.";"The right-hand technique (finger changes i-m, resting stroke/free stroke, thumb bass line) is consistently coordinated and relaxed."
"TMLP_0018_L2_PROMPT";"Im Vergleich zu Schüler/innen auf vergleichbarem Niveau ist die **Koordination der Anschlagstechnik der rechten Hand** bei diesem/dieser Schüler/in:";"Compared to pupils at a similar level, the coordination of the right-hand technique for this pupil is:"
"TMLP_0018_L2_CHOICE1";"Deutlich schlechter als vergleichbare Schüler/innen";"Clearly worse than comparable pupils"
"TMLP_0018_L2_CHOICE2";"Schlechter als vergleichbare Schüler/innen";"Worse than comparable pupils"
"TMLP_0018_L2_CHOICE3";"Gleich wie vergleichbare Schüler/innen";"The same as comparable pupils"
"TMLP_0018_L2_CHOICE4";"Besser als vergleichbare Schüler/innen";"Better than comparable pupils"
"TMLP_0018_L2_CHOICE5";"Viel besser als vergleichbare Schüler/innen";"Much better than comparable pupils"
"TMLP_0018_L1_PROMPT";"Im Vergleich zur letzten Unterrichtseinheit ist die **Koordination der Anschlagstechnik der rechten Hand** bei diesem/dieser Schüler/in:";"Compared to the last lesson, the coordination of the right-hand technique for this pupil is:"
"TMLP_0018_L1_CHOICE1";"Deutlich schlechter als in der letzten Unterrichtseinheit";"Clearly worse than in the last lesson"
"TMLP_0018_L1_CHOICE2";"Schlechter als in der letzten Unterrichtseinheit";"Worse than in the last lesson"
"TMLP_0018_L1_CHOICE3";"Gleich wie in der letzten Unterrichtseinheit";"The same as in the last lesson"
"TMLP_0018_L1_CHOICE4";"Besser als in der letzten Unterrichtseinheit";"Better than in the last lesson"
"TMLP_0018_L1_CHOICE5";"Viel besser als in der letzten Unterrichtseinheit";"Much better than in the last lesson"
"TMLP_0019_L3_PROMPT";"Welche dieser Aussagen trifft auf **das Instrumentalspiel** des/der Schüler/in zu?";"Which of the following statements applies to the pupil’s instrumental playing?"
"TMLP_0019_L3_CHOICE1";"Griffwechsel und Lagenspiel sind überwiegend unsauber und geräuschbehaftet.";"Finger position changes and fingerwork are predominantly unclean and audible."
"TMLP_0019_L3_CHOICE2";"Griffwechsel und Lagenspiel sind häufig unsauber oder geräuschbehaftet.";"Finger position changes and fingerwork are often unclean or audible."
"TMLP_0019_L3_CHOICE3";"Griffwechsel und Lagenspiel werden teilweise sauber ausgeführt; wiederkehrende Nebengeräusche oder Unsicherheiten sind erkennbar.";"Finger position changes and fingerwork are partially performed cleanly;. Recurring noise or uncertainty is noticeable."
"TMLP_0019_L3_CHOICE4";"Griffwechsel und Lagenspiel werden weitgehend sauber ausgeführt; vereinzelte kleine Nebengeräusche treten auf.";"Finger position changes and fingerwork are largely performed cleanly. Isolated minor noise occurs."
"TMLP_0019_L3_CHOICE5";"Griffwechsel und Lagenspiel werden durchgehend sauber und geräuschlos ausgeführt.";"Finger position changes and fingerwork are consistently performed cleanly and silently."
"TMLP_0019_L2_PROMPT";"Im Vergleich zu Schüler/innen auf vergleichbarem Niveau ist die **Sauberkeit von Griffwechsel und Lagenspiel** bei diesem/dieser Schüler/in:";"Compared to pupils at a similar level, the cleanliness of finger position changes and fingerwork for this pupil is:"
"TMLP_0019_L2_CHOICE1";"Deutlich schlechter als vergleichbare Schüler/innen";"Clearly worse than comparable pupils"
"TMLP_0019_L2_CHOICE2";"Schlechter als vergleichbare Schüler/innen";"Worse than comparable pupils"
"TMLP_0019_L2_CHOICE3";"Gleich wie vergleichbare Schüler/innen";"The same as comparable pupils"
"TMLP_0019_L2_CHOICE4";"Besser als vergleichbare Schüler/innen";"Better than comparable pupils"
"TMLP_0019_L2_CHOICE5";"Viel besser als vergleichbare Schüler/innen";"Much better than comparable pupils"
"TMLP_0019_L1_PROMPT";"Im Vergleich zur letzten Unterrichtseinheit ist die **Sauberkeit von Griffwechsel und Lagenspiel** bei diesem/dieser Schüler/in:";"Compared to the last lesson, the cleanliness of finger position changes and fingerwork for this pupil is:"
"TMLP_0019_L1_CHOICE1";"Deutlich schlechter als in der letzten Unterrichtseinheit";"Clearly worse than in the last lesson"
"TMLP_0019_L1_CHOICE2";"Schlechter als in der letzten Unterrichtseinheit";"Worse than in the last lesson"
"TMLP_0019_L1_CHOICE3";"Gleich wie in der letzten Unterrichtseinheit";"The same as in the last lesson"
"TMLP_0019_L1_CHOICE4";"Besser als in der letzten Unterrichtseinheit";"Better than in the last lesson"
"TMLP_0019_L1_CHOICE5";"Viel besser als in der letzten Unterrichtseinheit";"Much better than in the last lesson"
"TMLP_0020_L3_PROMPT";"Welche dieser Aussagen trifft auf **das Instrumentalspiel** des/der Schüler/in zu?";"Which of the following statements applies to the pupil’s instrumental playing?"
"TMLP_0020_L3_CHOICE1";"Es gibt kaum eine Differenzierung zwischen den Stimmen. Sie verschmelzen durchgehend.";"There is hardly any distinction between the voices. They consistently blend together."
"TMLP_0020_L3_CHOICE2";"Die Differenzierung zwischen den Stimmen ist häufig unklar.";"The distinction between the voices is often unclear."
"TMLP_0020_L3_CHOICE3";"Es gibt eine teilweise Differenzierung zwischen den Stimmen. Sie ist nicht durchgehend klar erkennbar.";"There is a partial distinction between the voices; it is not consistently clearly recognisable."
"TMLP_0020_L3_CHOICE4";"Es gibt weitgehend eine gute Differenzierung zwischen den Stimmen. Vereinzelt verschwimmen die Stimmen leicht.";"There is largely a good distinction between the voices; in isolated moments the voices blend slightly."
"TMLP_0020_L3_CHOICE5";"Es gibt durchgehend eine klare Differenzierung zwischen den Stimmen (z. B. Bass vs. Oberstimme).";"There is consistently a clear distinction between the voices (e.g. bass vs. treble)."
"TMLP_0020_L2_PROMPT";"Im Vergleich zu Schüler/innen auf vergleichbarem Niveau ist die **Differenzierung zwischen den Stimmen** bei diesem/dieser Schüler/in:";"Compared to pupils at a similar level, the differentiation between the voices for this pupil is:"
"TMLP_0020_L2_CHOICE1";"Deutlich schlechter als vergleichbare Schüler/innen";"Clearly worse than comparable pupils"
"TMLP_0020_L2_CHOICE2";"Schlechter als vergleichbare Schüler/innen";"Worse than comparable pupils"
"TMLP_0020_L2_CHOICE3";"Gleich wie vergleichbare Schüler/innen";"The same as comparable pupils"
"TMLP_0020_L2_CHOICE4";"Besser als vergleichbare Schüler/innen";"Better than comparable pupils"
"TMLP_0020_L2_CHOICE5";"Viel besser als vergleichbare Schüler/innen";"Much better than comparable pupils"
"TMLP_0020_L1_PROMPT";"Im Vergleich zur letzten Unterrichtseinheit ist die **Differenzierung zwischen den Stimmen** bei diesem/dieser Schüler/in:";"Compared to the last lesson, the differentiation between the voices for this pupil is:"
"TMLP_0020_L1_CHOICE1";"Deutlich schlechter als in der letzten Unterrichtseinheit";"Clearly worse than in the last lesson"
"TMLP_0020_L1_CHOICE2";"Schlechter als in der letzten Unterrichtseinheit";"Worse than in the last lesson"
"TMLP_0020_L1_CHOICE3";"Gleich wie in der letzten Unterrichtseinheit";"The same as in the last lesson"
"TMLP_0020_L1_CHOICE4";"Besser als in der letzten Unterrichtseinheit";"Better than in the last lesson"
"TMLP_0020_L1_CHOICE5";"Viel besser als in der letzten Unterrichtseinheit";"Much better than in the last lesson"
"TMLP_0021_L3_PROMPT";"Welche dieser Aussagen trifft auf **das Instrumentalspiel** des/der Schüler/in zu?";"Which of the following statements applies to the pupil’s instrumental playing?"
"TMLP_0021_L3_CHOICE1";"Die Grifftechnik der linken Hand ist überwiegend ungenau und unsauber.";"The left hand's grip technique is predominantly imprecise and unclean."
"TMLP_0021_L3_CHOICE2";"Die Grifftechnik der linken Hand ist häufig ungenau oder unsauber.";"The left hand's grip technique is often imprecise or unclean."
"TMLP_0021_L3_CHOICE3";"Die Grifftechnik der linken Hand ist teilweise sauber und präzise, mit wiederkehrenden Ungenauigkeiten.";"The left hand's grip technique is partially clean and precise, with recurring inaccuracies."
"TMLP_0021_L3_CHOICE4";"Die linke Hand hat eine weitgehend saubere und präzise Grifftechnik. Vereinzelte Ungenauigkeiten treten auf.";"The left hand largely has a clean and precise grip technique. Isolated inaccuracies occur."
"TMLP_0021_L3_CHOICE5";"Die linke Hand hat durchgehend eine saubere und präzise Grifftechnik.";"The left hand consistently has a clean and precise grip technique."
"TMLP_0021_L2_PROMPT";"Im Vergleich zu Schüler/innen auf vergleichbarem Niveau ist die **Präzision der Grifftechnik der linken Hand** bei diesem/dieser Schüler/in:";"Compared to pupils at a similar level, the precision of the left-hand grip technique for this pupil is:"
"TMLP_0021_L2_CHOICE1";"Deutlich schlechter als vergleichbare Schüler/innen";"Clearly worse than comparable pupils"
"TMLP_0021_L2_CHOICE2";"Schlechter als vergleichbare Schüler/innen";"Worse than comparable pupils"
"TMLP_0021_L2_CHOICE3";"Gleich wie vergleichbare Schüler/innen";"The same as comparable pupils"
"TMLP_0021_L2_CHOICE4";"Besser als vergleichbare Schüler/innen";"Better than comparable pupils"
"TMLP_0021_L2_CHOICE5";"Viel besser als vergleichbare Schüler/innen";"Much better than comparable pupils"
"TMLP_0021_L1_PROMPT";"Im Vergleich zur letzten Unterrichtseinheit ist die **Präzision der Grifftechnik der linken Hand** bei diesem/dieser Schüler/in:";"Compared to the last lesson, the precision of the left-hand grip technique for this pupil is:"
"TMLP_0021_L1_CHOICE1";"Deutlich schlechter als in der letzten Unterrichtseinheit";"Clearly worse than in the last lesson"
"TMLP_0021_L1_CHOICE2";"Schlechter als in der letzten Unterrichtseinheit";"Worse than in the last lesson"
"TMLP_0021_L1_CHOICE3";"Gleich wie in der letzten Unterrichtseinheit";"The same as in the last lesson"
"TMLP_0021_L1_CHOICE4";"Besser als in der letzten Unterrichtseinheit";"Better than in the last lesson"
"TMLP_0021_L1_CHOICE5";"Viel besser als in der letzten Unterrichtseinheit";"Much better than in the last lesson"
"TMLP_0022_L3_PROMPT";"Welche dieser Aussagen trifft auf **das Instrumentalspiel** des/der Schüler/in zu?";"Which of the following statements applies to the pupil’s instrumental playing?"
"TMLP_0022_L3_CHOICE1";"Die Atemstütze ist überwiegend instabil. Ein kontrollierter Klangeinsatz gelingt kaum.";"The breath support is predominantly unstable. A controlled sound rarely succeeds."
"TMLP_0022_L3_CHOICE2";"Die Atemstütze ist häufig instabil. Der Klangeinsatz ist entsprechend unkontrolliert.";"The breath support is often unstable. the sound is correspondingly uncontrolled."
"TMLP_0022_L3_CHOICE3";"Die Atemstütze ist teilweise konstant. Der Klangeinsatz ist in einzelnen Registern weniger kontrolliert.";"The breath support is partially consistent. The sound is less controlled in individual registers."
"TMLP_0022_L3_CHOICE4";"Die Atemstütze ist weitgehend konstant. Der Klangeinsatz ist in den meisten Registern kontrolliert, mit vereinzelten Schwankungen.";"The breath support is largely consistent. The sound is controlled in most registers, with isolated fluctuations."
"TMLP_0022_L3_CHOICE5";"Die Atemstütze ist durchgehend konstant und sorgt für einen kontrollierten, tragfähigen Klangeinsatz in allen Registern.";"The breath support is consistently steady and ensures a controlled, sustained sound across all registers."
"TMLP_0022_L2_PROMPT";"Im Vergleich zu Schüler/innen auf vergleichbarem Niveau ist die **Konstanz der Atemstütze** bei diesem/dieser Schüler/in:";"Compared to pupils at a similar level, the consistency of the breath support for this pupil is:"
"TMLP_0022_L2_CHOICE1";"Deutlich schlechter als vergleichbare Schüler/innen";"Clearly worse than comparable pupils"
"TMLP_0022_L2_CHOICE2";"Schlechter als vergleichbare Schüler/innen";"Worse than comparable pupils"
"TMLP_0022_L2_CHOICE3";"Gleich wie vergleichbare Schüler/innen";"The same as comparable pupils"
"TMLP_0022_L2_CHOICE4";"Besser als vergleichbare Schüler/innen";"Better than comparable pupils"
"TMLP_0022_L2_CHOICE5";"Viel besser als vergleichbare Schüler/innen";"Much better than comparable pupils"
"TMLP_0022_L1_PROMPT";"Im Vergleich zur letzten Unterrichtseinheit ist die **Konstanz der Atemstütze** bei diesem/dieser Schüler/in:";"Compared to the last lesson, the consistency of the breath support for this pupil is:"
"TMLP_0022_L1_CHOICE1";"Deutlich schlechter als in der letzten Unterrichtseinheit";"Clearly worse than in the last lesson"
"TMLP_0022_L1_CHOICE2";"Schlechter als in der letzten Unterrichtseinheit";"Worse than in the last lesson"
"TMLP_0022_L1_CHOICE3";"Gleich wie in der letzten Unterrichtseinheit";"The same as in the last lesson"
"TMLP_0022_L1_CHOICE4";"Besser als in der letzten Unterrichtseinheit";"Better than in the last lesson"
"TMLP_0022_L1_CHOICE5";"Viel besser als in der letzten Unterrichtseinheit";"Much better than in the last lesson"
"TMLP_0023_L3_PROMPT";"Welche dieser Aussagen trifft auf **das Instrumentalspiel** des/der Schüler/in zu?";"Which of the following statements applies to the pupil’s instrumental playing?"
"TMLP_0023_L3_CHOICE1";"Der Ansatz ist überwiegend instabil. Eine gleichmäßige Klangproduktion gelingt kaum.";"The embouchure is predominantly unstable. Consistent sound production rarely succeeds."
"TMLP_0023_L3_CHOICE2";"Der Ansatz ist häufig instabil. Die Klangproduktion ist entsprechend ungleichmäßig.";"The embouchure is often unstable. Sound production is correspondingly uneven."
"TMLP_0023_L3_CHOICE3";"Der Ansatz ist teilweise stabil. Die Klangproduktion schwankt in Teilen des Tonumfangs merklich.";"The embouchure is partially stable. Sound production fluctuates noticeably in parts of the range."
"TMLP_0023_L3_CHOICE4";"Der Ansatz ist weitgehend stabil. Die Klangproduktion ist über den größten Teil des Tonumfangs gleichmäßig.";"The embouchure is largely stable. Sound production is even across most of the range."
"TMLP_0023_L3_CHOICE5";"Der Ansatz ist durchgehend stabil und ermöglicht eine gleichmäßige Klangproduktion über den gesamten Tonumfang.";"The embouchure is consistently stable and ensures consistent sound production across the entire range."
"TMLP_0023_L2_PROMPT";"Im Vergleich zu Schüler/innen auf vergleichbarem Niveau ist die **Stabilität des Ansatzes** bei diesem/dieser Schüler/in:";"Compared to pupils at a similar level, the stability of the embouchure for this pupil is:"
"TMLP_0023_L2_CHOICE1";"Deutlich schlechter als vergleichbare Schüler/innen";"Clearly worse than comparable pupils"
"TMLP_0023_L2_CHOICE2";"Schlechter als vergleichbare Schüler/innen";"Worse than comparable pupils"
"TMLP_0023_L2_CHOICE3";"Gleich wie vergleichbare Schüler/innen";"The same as comparable pupils"
"TMLP_0023_L2_CHOICE4";"Besser als vergleichbare Schüler/innen";"Better than comparable pupils"
"TMLP_0023_L2_CHOICE5";"Viel besser als vergleichbare Schüler/innen";"Much better than comparable pupils"
"TMLP_0023_L1_PROMPT";"Im Vergleich zur letzten Unterrichtseinheit ist die **Stabilität des Ansatzes** bei diesem/dieser Schüler/in:";"Compared to the last lesson, the stability of the embouchure for this pupil is:"
"TMLP_0023_L1_CHOICE1";"Deutlich schlechter als in der letzten Unterrichtseinheit";"Clearly worse than in the last lesson"
"TMLP_0023_L1_CHOICE2";"Schlechter als in der letzten Unterrichtseinheit";"Worse than in the last lesson"
"TMLP_0023_L1_CHOICE3";"Gleich wie in der letzten Unterrichtseinheit";"The same as in the last lesson"
"TMLP_0023_L1_CHOICE4";"Besser als in der letzten Unterrichtseinheit";"Better than in the last lesson"
"TMLP_0023_L1_CHOICE5";"Viel besser als in der letzten Unterrichtseinheit";"Much better than in the last lesson"
"TMLP_0024_L3_PROMPT";"Welche dieser Aussagen trifft auf **das Instrumentalspiel** des/der Schüler/in zu?";"Which of the following statements applies to the pupil’s instrumental playing?"
"TMLP_0024_L3_CHOICE1";"Zungenartikulation und Finger- bzw. Posaunenzugbewegungen sind überwiegend unsynchron.";"Tongue articulation and finger/slide movements are predominantly unsynchronised."
"TMLP_0024_L3_CHOICE2";"Zungenartikulation und Finger- bzw. Posaunenzugbewegungen sind häufig unsynchron.";"Tongue articulation and finger/slide movements are often unsynchronised."
"TMLP_0024_L3_CHOICE3";"Zungenartikulation und Finger- bzw. Posaunenzugbewegungen sind teilweise synchronisiert, mit wiederkehrenden Abweichungen.";"Tongue articulation and finger/slide movements are partially synchronised, with recurring deviations."
"TMLP_0024_L3_CHOICE4";"Zungenartikulation und Finger- bzw. Posaunenzugbewegungen sind weitgehend synchronisiert. Vereinzelte kleine Abweichungen treten auf.";"Tongue articulation and finger/slide movements are largely synchronised;. Isolated minor deviations occur."
"TMLP_0024_L3_CHOICE5";"Zungenartikulation und Finger- bzw. Posaunenzugbewegungen sind durchgehend präzise synchronisiert.";"Tongue articulation and finger/slide movements are consistently precisely synchronised."
"TMLP_0024_L2_PROMPT";"Im Vergleich zu Schüler/innen auf vergleichbarem Niveau ist die **Synchronisation von Zungenartikulation und Finger-/Zugbewegungen** bei diesem/dieser Schüler/in:";"Compared to pupils at a similar level, the synchronisation of tongue articulation and finger/slide movements for this pupil is:"
"TMLP_0024_L2_CHOICE1";"Deutlich schlechter als vergleichbare Schüler/innen";"Clearly worse than comparable pupils"
"TMLP_0024_L2_CHOICE2";"Schlechter als vergleichbare Schüler/innen";"Worse than comparable pupils"
"TMLP_0024_L2_CHOICE3";"Gleich wie vergleichbare Schüler/innen";"The same as comparable pupils"
"TMLP_0024_L2_CHOICE4";"Besser als vergleichbare Schüler/innen";"Better than comparable pupils"
"TMLP_0024_L2_CHOICE5";"Viel besser als vergleichbare Schüler/innen";"Much better than comparable pupils"
"TMLP_0024_L1_PROMPT";"Im Vergleich zur letzten Unterrichtseinheit ist die **Synchronisation von Zungenartikulation und Finger-/Zugbewegungen** bei diesem/dieser Schüler/in:";"Compared to the last lesson, the synchronisation of tongue articulation and finger/slide movements for this pupil is:"
"TMLP_0024_L1_CHOICE1";"Deutlich schlechter als in der letzten Unterrichtseinheit";"Clearly worse than in the last lesson"
"TMLP_0024_L1_CHOICE2";"Schlechter als in der letzten Unterrichtseinheit";"Worse than in the last lesson"
"TMLP_0024_L1_CHOICE3";"Gleich wie in der letzten Unterrichtseinheit";"The same as in the last lesson"
"TMLP_0024_L1_CHOICE4";"Besser als in der letzten Unterrichtseinheit";"Better than in the last lesson"
"TMLP_0024_L1_CHOICE5";"Viel besser als in der letzten Unterrichtseinheit";"Much better than in the last lesson"
"TMLP_0025_L3_PROMPT";"Welche dieser Aussagen trifft auf **das Instrumentalspiel** des/der Schüler/in zu?";"Which of the following statements applies to the pupil’s instrumental playing?"
"TMLP_0025_L3_CHOICE1";"Klangqualität und Intonation nehmen in der oberen Lage und gegen Ende der Darbietung durchgehend deutlich ab.";"Sound quality and intonation consistently decline noticeably in the upper register and towards the end of the performance."
"TMLP_0025_L3_CHOICE2";"Klangqualität und Intonation nehmen in der oberen Lage oder gegen Ende der Darbietung häufig deutlich ab.";"Sound quality and intonation often decline noticeably in the upper register or towards the end of the performance."
"TMLP_0025_L3_CHOICE3";"Klangqualität und Intonation bleiben teilweise konstant, nehmen jedoch in der oberen Lage oder gegen Ende merklich ab.";"Sound quality and intonation partially remain consistent but decline noticeably in the upper register or towards the end."
"TMLP_0025_L3_CHOICE4";"Klangqualität und Intonation bleiben weitgehend konstant; gegen Ende oder in der oberen Lage treten vereinzelte kleine Einbußen auf.";"Sound quality and intonation largely remain consistent; isolated minor declines occur towards the end or in the upper register."
"TMLP_0025_L3_CHOICE5";"Klangqualität und Intonation bleiben durchgehend auch in der oberen Lage und gegen Ende der Darbietung konstant.";"Sound quality and intonation consistently remain steady even in the upper register and towards the end of the performance."
"TMLP_0025_L2_PROMPT";"Im Vergleich zu Schüler/innen auf vergleichbarem Niveau ist die **Konstanz von Klangqualität und Intonation über die Darbietung hinweg** bei diesem/dieser Schüler/in:";"Compared to pupils at a similar level, the consistency of sound quality and intonation throughout the performance for this pupil is:"
"TMLP_0025_L2_CHOICE1";"Deutlich schlechter als vergleichbare Schüler/innen";"Clearly worse than comparable pupils"
"TMLP_0025_L2_CHOICE2";"Schlechter als vergleichbare Schüler/innen";"Worse than comparable pupils"
"TMLP_0025_L2_CHOICE3";"Gleich wie vergleichbare Schüler/innen";"The same as comparable pupils"
"TMLP_0025_L2_CHOICE4";"Besser als vergleichbare Schüler/innen";"Better than comparable pupils"
"TMLP_0025_L2_CHOICE5";"Viel besser als vergleichbare Schüler/innen";"Much better than comparable pupils"
"TMLP_0025_L1_PROMPT";"Im Vergleich zur letzten Unterrichtseinheit ist die **Konstanz von Klangqualität und Intonation über die Darbietung hinweg** bei diesem/dieser Schüler/in:";"Compared to the last lesson, the consistency of sound quality and intonation throughout the performance for this pupil is:"
"TMLP_0025_L1_CHOICE1";"Deutlich schlechter als in der letzten Unterrichtseinheit";"Clearly worse than in the last lesson"
"TMLP_0025_L1_CHOICE2";"Schlechter als in der letzten Unterrichtseinheit";"Worse than in the last lesson"
"TMLP_0025_L1_CHOICE3";"Gleich wie in der letzten Unterrichtseinheit";"The same as in the last lesson"
"TMLP_0025_L1_CHOICE4";"Besser als in der letzten Unterrichtseinheit";"Better than in the last lesson"
"TMLP_0025_L1_CHOICE5";"Viel besser als in der letzten Unterrichtseinheit";"Much better than in the last lesson"
"TMLP_0026_L3_PROMPT";"Welche dieser Aussagen trifft auf **das Instrumentalspiel** des/der Schüler/in zu?";"Which of the following statements applies to the pupil’s instrumental playing?"
"TMLP_0026_L3_CHOICE1";"Die Bogenführung ist überwiegend unausgeglichen. Ein voller, freier Klang entsteht kaum.";"The bowing is predominantly uneven. A full, resonant sound rarely emerges."
"TMLP_0026_L3_CHOICE2";"Die Bogenführung ist häufig unausgeglichen. Der Klang ist entsprechend eingeschränkt voll oder frei.";"The bowing is often uneven. The sound is correspondingly limited in fullness or resonance."
"TMLP_0026_L3_CHOICE3";"Der Bogen wird teilweise angemessen geführt. Gewicht, Kontaktpunkt oder Geschwindigkeit sind wiederkehrend unausgeglichen.";"The bow is partially guided appropriately. Pressure, contact point or speed are recurringly uneven."
"TMLP_0026_L3_CHOICE4";"Der Bogen wird weitgehend angemessen geführt und erzeugt einen überwiegend vollen Klang, mit vereinzelten kleinen Unregelmäßigkeiten.";"The bow is largely guided appropriately and produces a mostly full sound, with isolated minor irregularities."
"TMLP_0026_L3_CHOICE5";"Der Bogen wird durchgehend mit angemessenem Gewicht, korrektem Kontaktpunkt und variierter Geschwindigkeit geführt und erzeugt einen vollen, freien Klang.";"The bow is consistently guided with the right amount of pressure, the correct point of contact and varying speed, producing a full, resonant sound."
"TMLP_0026_L2_PROMPT";"Im Vergleich zu Schüler/innen auf vergleichbarem Niveau ist die **Qualität der Bogenführung** bei diesem/dieser Schüler/in:";"Compared to pupils at a similar level, the quality of the bowing for this pupil is:"
"TMLP_0026_L2_CHOICE1";"Deutlich schlechter als vergleichbare Schüler/innen";"Clearly worse than comparable pupils"
"TMLP_0026_L2_CHOICE2";"Schlechter als vergleichbare Schüler/innen";"Worse than comparable pupils"
"TMLP_0026_L2_CHOICE3";"Gleich wie vergleichbare Schüler/innen";"The same as comparable pupils"
"TMLP_0026_L2_CHOICE4";"Besser als vergleichbare Schüler/innen";"Better than comparable pupils"
"TMLP_0026_L2_CHOICE5";"Viel besser als vergleichbare Schüler/innen";"Much better than comparable pupils"
"TMLP_0026_L1_PROMPT";"Im Vergleich zur letzten Unterrichtseinheit ist die **Qualität der Bogenführung** bei diesem/dieser Schüler/in:";"Compared to the last lesson, the quality of the bowing for this pupil is:"
"TMLP_0026_L1_CHOICE1";"Deutlich schlechter als in der letzten Unterrichtseinheit";"Clearly worse than in the last lesson"
"TMLP_0026_L1_CHOICE2";"Schlechter als in der letzten Unterrichtseinheit";"Worse than in the last lesson"
"TMLP_0026_L1_CHOICE3";"Gleich wie in der letzten Unterrichtseinheit";"The same as in the last lesson"
"TMLP_0026_L1_CHOICE4";"Besser als in der letzten Unterrichtseinheit";"Better than in the last lesson"
"TMLP_0026_L1_CHOICE5";"Viel besser als in der letzten Unterrichtseinheit";"Much better than in the last lesson"
"TMLP_0027_L3_PROMPT";"Welche dieser Aussagen trifft auf **das Instrumentalspiel** des/der Schüler/in zu?";"Which of the following statements applies to the pupil’s instrumental playing?"
"TMLP_0027_L3_CHOICE1";"Saitenwechsel sind überwiegend mit hörbaren Unterbrechungen im Legato verbunden.";"String changes are predominantly associated with audible breaks in the legato."
"TMLP_0027_L3_CHOICE2";"Saitenwechsel sind häufig mit hörbaren Unterbrechungen im Legato verbunden.";"String changes are often associated with audible breaks in the legato."
"TMLP_0027_L3_CHOICE3";"Saitenwechsel werden teilweise fließend ausgeführt. Wiederkehrende Unterbrechungen im Legato sind hörbar.";"String changes are partially performed smoothly. Recurring breaks in the legato are audible."
"TMLP_0027_L3_CHOICE4";"Saitenwechsel werden weitgehend fließend ausgeführt. Vereinzelte kleine Unterbrechungen sind hörbar.";"String changes are largely performed smoothly. Isolated minor breaks are audible."
"TMLP_0027_L3_CHOICE5";"Saitenwechsel werden durchgehend fließend und ohne hörbare Unterbrechungen im Legato ausgeführt.";"String changes are consistently performed smoothly and without any audible breaks in the legato."
"TMLP_0027_L2_PROMPT";"Im Vergleich zu Schüler/innen auf vergleichbarem Niveau ist die **Fließfähigkeit der Saitenwechsel im Legato** bei diesem/dieser Schüler/in:";"Compared to pupils at a similar level, the fluency of string changes in legato for this pupil is:"
"TMLP_0027_L2_CHOICE1";"Deutlich schlechter als vergleichbare Schüler/innen";"Clearly worse than comparable pupils"
"TMLP_0027_L2_CHOICE2";"Schlechter als vergleichbare Schüler/innen";"Worse than comparable pupils"
"TMLP_0027_L2_CHOICE3";"Gleich wie vergleichbare Schüler/innen";"The same as comparable pupils"
"TMLP_0027_L2_CHOICE4";"Besser als vergleichbare Schüler/innen";"Better than comparable pupils"
"TMLP_0027_L2_CHOICE5";"Viel besser als vergleichbare Schüler/innen";"Much better than comparable pupils"
"TMLP_0027_L1_PROMPT";"Im Vergleich zur letzten Unterrichtseinheit ist die **Fließfähigkeit der Saitenwechsel im Legato** bei diesem/dieser Schüler/in:";"Compared to the last lesson, the fluency of string changes in legato for this pupil is:"
"TMLP_0027_L1_CHOICE1";"Deutlich schlechter als in der letzten Unterrichtseinheit";"Clearly worse than in the last lesson"
"TMLP_0027_L1_CHOICE2";"Schlechter als in der letzten Unterrichtseinheit";"Worse than in the last lesson"
"TMLP_0027_L1_CHOICE3";"Gleich wie in der letzten Unterrichtseinheit";"The same as in the last lesson"
"TMLP_0027_L1_CHOICE4";"Besser als in der letzten Unterrichtseinheit";"Better than in the last lesson"
"TMLP_0027_L1_CHOICE5";"Viel besser als in der letzten Unterrichtseinheit";"Much better than in the last lesson"
"TMLP_0028_L3_PROMPT";"Welche dieser Aussagen trifft auf **das Instrumentalspiel** des/der Schüler/in zu?";"Which of the following statements applies to the pupil’s instrumental playing?"
"TMLP_0028_L3_CHOICE1";"Die Greifhand arbeitet überwiegend unsauber. Töne werden meist unklar abgegriffen.";"The plucking hand works predominantly uncleanly. Notes are mostly plucked unclearly."
"TMLP_0028_L3_CHOICE2";"Die Greifhand arbeitet häufig unsauber. Nebengeräusche treten wiederholt auf.";"The plucking hand often works uncleanly. Extraneous noise occurs repeatedly."
"TMLP_0028_L3_CHOICE3";"Die Greifhand arbeitet teilweise sauber. Wiederkehrende Nebengeräusche oder unklar abgegriffene Töne sind erkennbar.";"The plucking hand works partially cleanly. Recurring extraneous noise or unclearly plucked notes are noticeable."
"TMLP_0028_L3_CHOICE4";"Die Greifhand arbeitet weitgehend sauber. Vereinzelte kleine Nebengeräusche treten auf.";"The plucking hand largely works cleanly. Isolated minor extraneous noise occurs."
"TMLP_0028_L3_CHOICE5";"Die Greifhand arbeitet durchgehend sauber. Töne werden klar abgegriffen und ohne Nebengeräusche produziert.";"The plucking hand consistently works cleanly. Notes are plucked clearly and produced without any extraneous noise."
"TMLP_0028_L2_PROMPT";"Im Vergleich zu Schüler/innen auf vergleichbarem Niveau ist die **Sauberkeit der Greifhand** bei diesem/dieser Schüler/in:";"Compared to pupils at a similar level, the cleanliness of the plucking hand for this pupil is:"
"TMLP_0028_L2_CHOICE1";"Deutlich schlechter als vergleichbare Schüler/innen";"Clearly worse than comparable pupils"
"TMLP_0028_L2_CHOICE2";"Schlechter als vergleichbare Schüler/innen";"Worse than comparable pupils"
"TMLP_0028_L2_CHOICE3";"Gleich wie vergleichbare Schüler/innen";"The same as comparable pupils"
"TMLP_0028_L2_CHOICE4";"Besser als vergleichbare Schüler/innen";"Better than comparable pupils"
"TMLP_0028_L2_CHOICE5";"Viel besser als vergleichbare Schüler/innen";"Much better than comparable pupils"
"TMLP_0028_L1_PROMPT";"Im Vergleich zur letzten Unterrichtseinheit ist die **Sauberkeit der Greifhand** bei diesem/dieser Schüler/in:";"Compared to the last lesson, the cleanliness of the plucking hand for this pupil is:"
"TMLP_0028_L1_CHOICE1";"Deutlich schlechter als in der letzten Unterrichtseinheit";"Clearly worse than in the last lesson"
"TMLP_0028_L1_CHOICE2";"Schlechter als in der letzten Unterrichtseinheit";"Worse than in the last lesson"
"TMLP_0028_L1_CHOICE3";"Gleich wie in der letzten Unterrichtseinheit";"The same as in the last lesson"
"TMLP_0028_L1_CHOICE4";"Besser als in der letzten Unterrichtseinheit";"Better than in the last lesson"
"TMLP_0028_L1_CHOICE5";"Viel besser als in der letzten Unterrichtseinheit";"Much better than in the last lesson"
"TMLP_0029_L3_PROMPT";"Welche dieser Aussagen trifft auf **das Instrumentalspiel** des/der Schüler/in zu?";"Which of the following statements applies to the pupil’s instrumental playing?"
"TMLP_0029_L3_CHOICE1";"Die Intonation ist überwiegend ungenau. Intonationsprobleme werden nicht eigenständig korrigiert.";"The intonation is predominantly imprecise. Intonation problems are not corrected independently."
"TMLP_0029_L3_CHOICE2";"Die Intonation weist häufige Ungenauigkeiten auf. Intonationsprobleme werden selten eigenständig korrigiert.";"The intonation frequently shows inaccuracies. Intonation problems are rarely corrected independently."
"TMLP_0029_L3_CHOICE3";"Die Intonation ist teilweise präzise. Intonationsprobleme werden nur teilweise eigenständig erkannt und korrigiert.";"The intonation is partially precise. Intonation problems are only partially recognised and corrected independently."
"TMLP_0029_L3_CHOICE4";"Die Intonation ist weitgehend präzise. Vereinzelte Abweichungen werden meist eigenständig korrigiert.";"The intonation is largely precise. Isolated deviations are mostly corrected independently."
"TMLP_0029_L3_CHOICE5";"Die Intonation ist durchgehend präzise. Halbtonschritte werden eng genug gestellt, und Intonationsprobleme werden eigenständig korrigiert.";"The intonation is consistently precise. Semitones are spaced closely enough, and intonation problems are corrected independently."
"TMLP_0029_L2_PROMPT";"Im Vergleich zu Schüler/innen auf vergleichbarem Niveau ist die **Präzision der Intonation und die eigenständige Fehlerkorrektur** bei diesem/dieser Schüler/in:";"Compared to pupils at a similar level, the precision of intonation and independent error correction for this pupil is:"
"TMLP_0029_L2_CHOICE1";"Deutlich schlechter als vergleichbare Schüler/innen";"Clearly worse than comparable pupils"
"TMLP_0029_L2_CHOICE2";"Schlechter als vergleichbare Schüler/innen";"Worse than comparable pupils"
"TMLP_0029_L2_CHOICE3";"Gleich wie vergleichbare Schüler/innen";"The same as comparable pupils"
"TMLP_0029_L2_CHOICE4";"Besser als vergleichbare Schüler/innen";"Better than comparable pupils"
"TMLP_0029_L2_CHOICE5";"Viel besser als vergleichbare Schüler/innen";"Much better than comparable pupils"
"TMLP_0029_L1_PROMPT";"Im Vergleich zur letzten Unterrichtseinheit ist die **Präzision der Intonation und die eigenständige Fehlerkorrektur** bei diesem/dieser Schüler/in:";"Compared to the last lesson, the precision of intonation and independent error correction for this pupil is:"
"TMLP_0029_L1_CHOICE1";"Deutlich schlechter als in der letzten Unterrichtseinheit";"Clearly worse than in the last lesson"
"TMLP_0029_L1_CHOICE2";"Schlechter als in der letzten Unterrichtseinheit";"Worse than in the last lesson"
"TMLP_0029_L1_CHOICE3";"Gleich wie in der letzten Unterrichtseinheit";"The same as in the last lesson"
"TMLP_0029_L1_CHOICE4";"Besser als in der letzten Unterrichtseinheit";"Better than in the last lesson"
"TMLP_0029_L1_CHOICE5";"Viel besser als in der letzten Unterrichtseinheit";"Much better than in the last lesson"
"TMLP_0030_L3_PROMPT";"Welche dieser Aussagen trifft auf **das Instrumentalspiel** des/der Schüler/in zu?";"Which of the following statements applies to the pupil’s instrumental playing?"
"TMLP_0030_L3_CHOICE1";"Das Vibrato ist überwiegend ungleichmäßig oder fehlt. Ein musikalisch sinnvoller Einsatz ist kaum erkennbar.";"The vibrato is predominantly uneven or absent. Musically appropriate use is hardly recognisable."
"TMLP_0030_L3_CHOICE2";"Das Vibrato ist häufig ungleichmäßig oder wird wenig musikalisch sinnvoll eingesetzt.";"The vibrato is often uneven or used with little musical justification."
"TMLP_0030_L3_CHOICE3";"Das Vibrato ist teilweise gleichmäßig. Der Einsatz wirkt nicht durchgehend musikalisch begründet.";"The vibrato is partially even. Its use does not consistently seem musically justified."
"TMLP_0030_L3_CHOICE4";"Das Vibrato ist weitgehend gleichmäßig und ausdrucksvoll. Der Einsatz ist überwiegend musikalisch sinnvoll.";"The vibrato is largely even and expressive. Its use is mostly musically appropriate."
"TMLP_0030_L3_CHOICE5";"Das Vibrato ist durchgehend gleichmäßig und ausdrucksvoll und wird flexibel sowie musikalisch sinnvoll eingesetzt.";"The vibrato is consistently even and expressive and is used flexibly and in a musically appropriate manner."
"TMLP_0030_L2_PROMPT";"Im Vergleich zu Schüler/innen auf vergleichbarem Niveau ist die **Gleichmäßigkeit und der musikalisch sinnvolle Einsatz des Vibratos** bei diesem/dieser Schüler/in:";"Compared to pupils at a similar level, the evenness and musically appropriate use of the vibrato for this pupil is:"
"TMLP_0030_L2_CHOICE1";"Deutlich schlechter als vergleichbare Schüler/innen";"Clearly worse than comparable pupils"
"TMLP_0030_L2_CHOICE2";"Schlechter als vergleichbare Schüler/innen";"Worse than comparable pupils"
"TMLP_0030_L2_CHOICE3";"Gleich wie vergleichbare Schüler/innen";"The same as comparable pupils"
"TMLP_0030_L2_CHOICE4";"Besser als vergleichbare Schüler/innen";"Better than comparable pupils"
"TMLP_0030_L2_CHOICE5";"Viel besser als vergleichbare Schüler/innen";"Much better than comparable pupils"
"TMLP_0030_L1_PROMPT";"Im Vergleich zur letzten Unterrichtseinheit ist die **Gleichmäßigkeit und der musikalisch sinnvolle Einsatz des Vibratos** bei diesem/dieser Schüler/in:";"Compared to the last lesson, the evenness and musically appropriate use of the vibrato for this pupil is:"
"TMLP_0030_L1_CHOICE1";"Deutlich schlechter als in der letzten Unterrichtseinheit";"Clearly worse than in the last lesson"
"TMLP_0030_L1_CHOICE2";"Schlechter als in der letzten Unterrichtseinheit";"Worse than in the last lesson"
"TMLP_0030_L1_CHOICE3";"Gleich wie in der letzten Unterrichtseinheit";"The same as in the last lesson"
"TMLP_0030_L1_CHOICE4";"Besser als in der letzten Unterrichtseinheit";"Better than in the last lesson"
"TMLP_0030_L1_CHOICE5";"Viel besser als in der letzten Unterrichtseinheit";"Much better than in the last lesson"
"TMLP_0031_L3_PROMPT";"Welche dieser Aussagen trifft auf **das Instrumentalspiel** des/der Schüler/in zu?";"Which of the following statements applies to the pupil’s instrumental playing?"
"TMLP_0031_L3_CHOICE1";"Beide Hände sind überwiegend nicht aufeinander abgestimmt. Das Zusammenspiel wirkt durchgehend unsicher.";"Both hands are predominantly uncoordinated. The interplay consistently seems uncertain."
"TMLP_0031_L3_CHOICE2";"Beide Hände sind häufig nicht gut aufeinander abgestimmt. Das Zusammenspiel wirkt entsprechend unsicher.";"Both hands are often not well coordinated. The interplay seems correspondingly uncertain."
"TMLP_0031_L3_CHOICE3";"Beide Hände sind teilweise aufeinander abgestimmt. Das Zusammenspiel wirkt wiederkehrend unausgeglichen.";"Both hands are partially coordinated. The interplay recurringly seems uneven."
"TMLP_0031_L3_CHOICE4";"Beide Hände sind weitgehend aufeinander abgestimmt. Das Zusammenspiel wirkt überwiegend natürlich, mit vereinzelten kleinen Unstimmigkeiten.";"Both hands are largely coordinated. The interplay mostly seems natural, with isolated minor inconsistencies."
"TMLP_0031_L3_CHOICE5";"Beide Hände sind durchgehend präzise aufeinander abgestimmt. Das Zusammenspiel wirkt natürlich und selbstverständlich.";"Both hands are consistently perfectly coordinated. The interplay appears natural and effortless."
"TMLP_0031_L2_PROMPT";"Im Vergleich zu Schüler/innen auf vergleichbarem Niveau ist die **Abstimmung beider Hände** bei diesem/dieser Schüler/in:";"Compared to pupils at a similar level, the coordination between both hands for this pupil is:"
"TMLP_0031_L2_CHOICE1";"Deutlich schlechter als vergleichbare Schüler/innen";"Clearly worse than comparable pupils"
"TMLP_0031_L2_CHOICE2";"Schlechter als vergleichbare Schüler/innen";"Worse than comparable pupils"
"TMLP_0031_L2_CHOICE3";"Gleich wie vergleichbare Schüler/innen";"The same as comparable pupils"
"TMLP_0031_L2_CHOICE4";"Besser als vergleichbare Schüler/innen";"Better than comparable pupils"
"TMLP_0031_L2_CHOICE5";"Viel besser als vergleichbare Schüler/innen";"Much better than comparable pupils"
"TMLP_0031_L1_PROMPT";"Im Vergleich zur letzten Unterrichtseinheit ist die **Abstimmung beider Hände** bei diesem/dieser Schüler/in:";"Compared to the last lesson, the coordination between both hands for this pupil is:"
"TMLP_0031_L1_CHOICE1";"Deutlich schlechter als in der letzten Unterrichtseinheit";"Clearly worse than in the last lesson"
"TMLP_0031_L1_CHOICE2";"Schlechter als in der letzten Unterrichtseinheit";"Worse than in the last lesson"
"TMLP_0031_L1_CHOICE3";"Gleich wie in der letzten Unterrichtseinheit";"The same as in the last lesson"
"TMLP_0031_L1_CHOICE4";"Besser als in der letzten Unterrichtseinheit";"Better than in the last lesson"
"TMLP_0031_L1_CHOICE5";"Viel besser als in der letzten Unterrichtseinheit";"Much better than in the last lesson"
"TMLP_0032_L3_PROMPT";"Welche dieser Aussagen trifft auf **das Instrumentalspiel** des/der Schüler/in zu?";"Which of the following statements applies to the pupil’s instrumental playing?"
"TMLP_0032_L3_CHOICE1";"Der eingesetzte Fingersatz ist überwiegend ineffizient. Ein fließender Vortrag gelingt kaum.";"The fingering used is predominantly inefficient. A fluid performance rarely succeeds."
"TMLP_0032_L3_CHOICE2";"Der eingesetzte Fingersatz ist häufig ineffizient und beeinträchtigt Phrasierung und Vortrag merklich.";"The fingering used is often inefficient and noticeably impairs phrasing and performance."
"TMLP_0032_L3_CHOICE3";"Der eingesetzte Fingersatz ist teilweise effizient. Die Phrasierung wird wiederkehrend beeinträchtigt.";"The fingering used is partially efficient. Phrasing is recurringly impaired."
"TMLP_0032_L3_CHOICE4";"Der eingesetzte Fingersatz ist weitgehend effizient und unterstützt die Phrasierung. Vereinzelt entstehen kleine Unterbrechungen.";"The fingering used is largely efficient and supports the phrasing. Isolated minor interruptions occur."
"TMLP_0032_L3_CHOICE5";"Der eingesetzte Fingersatz ist durchgehend effizient, unterstützt die Phrasierung und ermöglicht einen fließenden Vortrag.";"The fingering used is consistently efficient, supports the phrasing and enables a fluid performance."
"TMLP_0032_L2_PROMPT";"Im Vergleich zu Schüler/innen auf vergleichbarem Niveau ist die **Effizienz des Fingersatzes** bei diesem/dieser Schüler/in:";"Compared to pupils at a similar level, the efficiency of the fingering for this pupil is:"
"TMLP_0032_L2_CHOICE1";"Deutlich schlechter als vergleichbare Schüler/innen";"Clearly worse than comparable pupils"
"TMLP_0032_L2_CHOICE2";"Schlechter als vergleichbare Schüler/innen";"Worse than comparable pupils"
"TMLP_0032_L2_CHOICE3";"Gleich wie vergleichbare Schüler/innen";"The same as comparable pupils"
"TMLP_0032_L2_CHOICE4";"Besser als vergleichbare Schüler/innen";"Better than comparable pupils"
"TMLP_0032_L2_CHOICE5";"Viel besser als vergleichbare Schüler/innen";"Much better than comparable pupils"
"TMLP_0032_L1_PROMPT";"Im Vergleich zur letzten Unterrichtseinheit ist die **Effizienz des Fingersatzes** bei diesem/dieser Schüler/in:";"Compared to the last lesson, the efficiency of the fingering for this pupil is:"
"TMLP_0032_L1_CHOICE1";"Deutlich schlechter als in der letzten Unterrichtseinheit";"Clearly worse than in the last lesson"
"TMLP_0032_L1_CHOICE2";"Schlechter als in der letzten Unterrichtseinheit";"Worse than in the last lesson"
"TMLP_0032_L1_CHOICE3";"Gleich wie in der letzten Unterrichtseinheit";"The same as in the last lesson"
"TMLP_0032_L1_CHOICE4";"Besser als in der letzten Unterrichtseinheit";"Better than in the last lesson"
"TMLP_0032_L1_CHOICE5";"Viel besser als in der letzten Unterrichtseinheit";"Much better than in the last lesson"
"TMLP_0033_L3_PROMPT";"Welche dieser Aussagen trifft auf **das Instrumentalspiel** des/der Schüler/in zu?";"Which of the following statements applies to the pupil’s instrumental playing?"
"TMLP_0033_L3_CHOICE1";"Die melodische Linie hebt sich überwiegend nicht von der Begleitung ab. Die Balance zwischen den Stimmen fehlt weitgehend.";"The melodic line predominantly does not stand out from the accompaniment. Balance between the parts is largely absent."
"TMLP_0033_L3_CHOICE2";"Die melodische Linie hebt sich häufig nicht klar von der Begleitung ab. Die Balance ist entsprechend unausgeglichen.";"The melodic line often does not clearly stand out from the accompaniment. The balance is correspondingly uneven."
"TMLP_0033_L3_CHOICE3";"Die melodische Linie hebt sich teilweise von der Begleitung ab. Die Balance zwischen den Stimmen ist wiederkehrend unausgeglichen.";"The melodic line partially stands out from the accompaniment. The balance between the parts is recurringly uneven."
"TMLP_0033_L3_CHOICE4";"Die melodische Linie hebt sich weitgehend von der Begleitung ab. Die Balance ist überwiegend ausgewogen, mit vereinzelten kleinen Schwankungen.";"The melodic line largely stands out from the accompaniment. The balance is mostly well-balanced, with isolated minor fluctuations."
"TMLP_0033_L3_CHOICE5";"Die melodische Linie hebt sich durchgehend klar von der Begleitung ab. Die Balance zwischen den Stimmen ist durchgehend ausgewogen.";"The melodic line consistently stands out clearly from the accompaniment. The balance between the parts is consistently well-balanced."
"TMLP_0033_L2_PROMPT";"Im Vergleich zu Schüler/innen auf vergleichbarem Niveau ist die **Balance zwischen melodischer Linie und Begleitung** bei diesem/dieser Schüler/in:";"Compared to pupils at a similar level, the balance between the melodic line and the accompaniment for this pupil is:"
"TMLP_0033_L2_CHOICE1";"Deutlich schlechter als vergleichbare Schüler/innen";"Clearly worse than comparable pupils"
"TMLP_0033_L2_CHOICE2";"Schlechter als vergleichbare Schüler/innen";"Worse than comparable pupils"
"TMLP_0033_L2_CHOICE3";"Gleich wie vergleichbare Schüler/innen";"The same as comparable pupils"
"TMLP_0033_L2_CHOICE4";"Besser als vergleichbare Schüler/innen";"Better than comparable pupils"
"TMLP_0033_L2_CHOICE5";"Viel besser als vergleichbare Schüler/innen";"Much better than comparable pupils"
"TMLP_0033_L1_PROMPT";"Im Vergleich zur letzten Unterrichtseinheit ist die **Balance zwischen melodischer Linie und Begleitung** bei diesem/dieser Schüler/in:";"Compared to the last lesson, the balance between the melodic line and the accompaniment for this pupil is:"
"TMLP_0033_L1_CHOICE1";"Deutlich schlechter als in der letzten Unterrichtseinheit";"Clearly worse than in the last lesson"
"TMLP_0033_L1_CHOICE2";"Schlechter als in der letzten Unterrichtseinheit";"Worse than in the last lesson"
"TMLP_0033_L1_CHOICE3";"Gleich wie in der letzten Unterrichtseinheit";"The same as in the last lesson"
"TMLP_0033_L1_CHOICE4";"Besser als in der letzten Unterrichtseinheit";"Better than in the last lesson"
"TMLP_0033_L1_CHOICE5";"Viel besser als in der letzten Unterrichtseinheit";"Much better than in the last lesson"
"TMLP_0035_L3_PROMPT";"Welche dieser Aussagen trifft auf **das Instrumentalspiel** des/der Schüler/in zu?";"Which of the following statements applies to the pupil’s instrumental playing?"
"TMLP_0035_L3_CHOICE1";"Das Spieltempo liegt durchgehend deutlich unter dem vorgegebenen Tempo des Stücks.";"The playing tempo is consistently well below the tempo indicated by the piece."
"TMLP_0035_L3_CHOICE2";"Das Spieltempo liegt häufig deutlich unter dem vorgegebenen Tempo des Stücks.";"The playing tempo is often well below the tempo indicated by the piece."
"TMLP_0035_L3_CHOICE3";"Das Spieltempo entspricht teilweise dem vorgegebenen Tempo. In mehreren Passagen wird merklich langsamer gespielt.";"The playing tempo partially matches the indicated tempo. Several passages are played noticeably slower."
"TMLP_0035_L3_CHOICE4";"Das Spieltempo entspricht weitgehend dem vorgegebenen Tempo;. In einzelnen Passagen wird spürbar langsamer gespielt.";"The playing tempo largely matches the indicated tempo. Individual passages are played noticeably slower."
"TMLP_0035_L3_CHOICE5";"Das Spieltempo entspricht durchgehend dem vorgegebenen Tempo des Stücks, auch in technisch anspruchsvollen Passagen.";"The playing tempo consistently matches the tempo indicated by the piece, even in technically demanding passages."
"TMLP_0035_L2_PROMPT";"Im Vergleich zu Schüler/innen auf vergleichbarem Niveau ist die **Tempotreue** bei diesem/dieser Schüler/in:";"Compared to pupils at a similar level, the tempo accuracy for this pupil is:"
"TMLP_0035_L2_CHOICE1";"Deutlich schlechter als vergleichbare Schüler/innen";"Clearly worse than comparable pupils"
"TMLP_0035_L2_CHOICE2";"Schlechter als vergleichbare Schüler/innen";"Worse than comparable pupils"
"TMLP_0035_L2_CHOICE3";"Gleich wie vergleichbare Schüler/innen";"The same as comparable pupils"
"TMLP_0035_L2_CHOICE4";"Besser als vergleichbare Schüler/innen";"Better than comparable pupils"
"TMLP_0035_L2_CHOICE5";"Viel besser als vergleichbare Schüler/innen";"Much better than comparable pupils"
"TMLP_0035_L1_PROMPT";"Im Vergleich zur letzten Unterrichtseinheit ist die **Tempotreue** bei diesem/dieser Schüler/in:";"Compared to the last lesson, the tempo accuracy for this pupil is:"
"TMLP_0035_L1_CHOICE1";"Deutlich schlechter als in der letzten Unterrichtseinheit";"Clearly worse than in the last lesson"
"TMLP_0035_L1_CHOICE2";"Schlechter als in der letzten Unterrichtseinheit";"Worse than in the last lesson"
"TMLP_0035_L1_CHOICE3";"Gleich wie in der letzten Unterrichtseinheit";"The same as in the last lesson"
"TMLP_0035_L1_CHOICE4";"Besser als in der letzten Unterrichtseinheit";"Better than in the last lesson"
"TMLP_0035_L1_CHOICE5";"Viel besser als in der letzten Unterrichtseinheit";"Much better than in the last lesson"
"TMLP_0036_L3_PROMPT";"Welche dieser Aussagen trifft auf **das Instrumentalspiel** des/der Schüler/in zu?";"Which of the following statements applies to the pupil’s instrumental playing?"
"TMLP_0036_L3_CHOICE1";"Das Stück wird durchgehend nach Noten gespielt.";"The piece is consistently played from sheet music."
"TMLP_0036_L3_CHOICE2";"Das Stück wird nur in kurzen Abschnitten auswendig gespielt. Überwiegend wird nach Noten gespielt.";"The piece is played from memory only in short sections. It is mostly played from sheet music."
"TMLP_0036_L3_CHOICE3";"Das Stück wird teilweise auswendig gespielt. In mehreren Abschnitten wird auf die Noten zurückgegriffen.";"The piece is partially played from memory. The sheet music is consulted in several sections."
"TMLP_0036_L3_CHOICE4";"Das Stück wird weitgehend auswendig gespielt. Vereinzelt wird kurz auf die Noten zurückgegriffen.";"The piece is largely played from memory. The sheet music is briefly consulted in isolated moments."
"TMLP_0036_L3_CHOICE5";"Das Stück wird durchgehend sicher und vollständig auswendig gespielt.";"The piece is consistently played confidently and entirely from memory."
"TMLP_0036_L2_PROMPT";"Im Vergleich zu Schüler/innen auf vergleichbarem Niveau ist der **Grad des Auswendigspiels** bei diesem/dieser Schüler/in:";"Compared to pupils at a similar level, the degree of memorisation for this pupil is:"
"TMLP_0036_L2_CHOICE1";"Deutlich schlechter als vergleichbare Schüler/innen";"Clearly worse than comparable pupils"
"TMLP_0036_L2_CHOICE2";"Schlechter als vergleichbare Schüler/innen";"Worse than comparable pupils"
"TMLP_0036_L2_CHOICE3";"Gleich wie vergleichbare Schüler/innen";"The same as comparable pupils"
"TMLP_0036_L2_CHOICE4";"Besser als vergleichbare Schüler/innen";"Better than comparable pupils"
"TMLP_0036_L2_CHOICE5";"Viel besser als vergleichbare Schüler/innen";"Much better than comparable pupils"
"TMLP_0036_L1_PROMPT";"Im Vergleich zur letzten Unterrichtseinheit ist der **Grad des Auswendigspiels** bei diesem/dieser Schüler/in:";"Compared to the last lesson, the degree of memorisation for this pupil is:"
"TMLP_0036_L1_CHOICE1";"Deutlich schlechter als in der letzten Unterrichtseinheit";"Clearly worse than in the last lesson"
"TMLP_0036_L1_CHOICE2";"Schlechter als in der letzten Unterrichtseinheit";"Worse than in the last lesson"
"TMLP_0036_L1_CHOICE3";"Gleich wie in der letzten Unterrichtseinheit";"The same as in the last lesson"
"TMLP_0036_L1_CHOICE4";"Besser als in der letzten Unterrichtseinheit";"Better than in the last lesson"
"TMLP_0036_L1_CHOICE5";"Viel besser als in der letzten Unterrichtseinheit";"Much better than in the last lesson"
"TMLP_0037_L3_PROMPT";"Welche dieser Aussagen trifft auf **das Instrumentalspiel** des/der Schüler/in zu?";"Which of the following statements applies to the pupil’s instrumental playing?"
"TMLP_0037_L3_CHOICE1";"Bereits leichte Ablenkungen führen durchgehend zu Fehlern beim Spielen.";"Even minor distractions consistently lead to mistakes while playing."
"TMLP_0037_L3_CHOICE2";"Leichte Ablenkungen führen häufig zu Fehlern beim Spielen.";"Minor distractions often lead to mistakes while playing."
"TMLP_0037_L3_CHOICE3";"Die Konzentration wird durch leichte Ablenkungen teilweise beeinträchtigt. Dadurch entstehen wiederkehrend Fehler.";"Concentration is partially impaired by minor distractions, which recurringly leads to mistakes."
"TMLP_0037_L3_CHOICE4";"Die Konzentration bleibt beim Spielen weitgehend stabil. Leichte Ablenkungen führen nur vereinzelt zu kleinen Fehlern.";"Concentration largely remains stable while playing. Minor distractions only occasionally lead to small mistakes."
"TMLP_0037_L3_CHOICE5";"Die Konzentration bleibt beim Spielen durchgehend stabil, auch bei leichten Ablenkungen. Es entstehen keine Fehler dadurch.";"Concentration consistently remains stable while playing, even with minor distractions. No mistakes result from them."
"TMLP_0037_L2_PROMPT";"Im Vergleich zu Schüler/innen auf vergleichbarem Niveau ist die **Konzentrationsstabilität bei Ablenkungen** bei diesem/dieser Schüler/in:";"Compared to pupils at a similar level, the stability of concentration under distraction for this pupil is:"
"TMLP_0037_L2_CHOICE1";"Deutlich schlechter als vergleichbare Schüler/innen";"Clearly worse than comparable pupils"
"TMLP_0037_L2_CHOICE2";"Schlechter als vergleichbare Schüler/innen";"Worse than comparable pupils"
"TMLP_0037_L2_CHOICE3";"Gleich wie vergleichbare Schüler/innen";"The same as comparable pupils"
"TMLP_0037_L2_CHOICE4";"Besser als vergleichbare Schüler/innen";"Better than comparable pupils"
"TMLP_0037_L2_CHOICE5";"Viel besser als vergleichbare Schüler/innen";"Much better than comparable pupils"
"TMLP_0037_L1_PROMPT";"Im Vergleich zur letzten Unterrichtseinheit ist die **Konzentrationsstabilität bei Ablenkungen** bei diesem/dieser Schüler/in:";"Compared to the last lesson, the stability of concentration under distraction for this pupil is:"
"TMLP_0037_L1_CHOICE1";"Deutlich schlechter als in der letzten Unterrichtseinheit";"Clearly worse than in the last lesson"
"TMLP_0037_L1_CHOICE2";"Schlechter als in der letzten Unterrichtseinheit";"Worse than in the last lesson"
"TMLP_0037_L1_CHOICE3";"Gleich wie in der letzten Unterrichtseinheit";"The same as in the last lesson"
"TMLP_0037_L1_CHOICE4";"Besser als in der letzten Unterrichtseinheit";"Better than in the last lesson"
"TMLP_0037_L1_CHOICE5";"Viel besser als in der letzten Unterrichtseinheit";"Much better than in the last lesson"
"TMLP_0038_L3_PROMPT";"Welche dieser Aussagen trifft auf **das Instrumentalspiel** des/der Schüler/in zu?";"Which of the following statements applies to the pupil’s instrumental playing?"
"TMLP_0038_L3_CHOICE1";"Der Fokus beim Spielen liegt vollständig auf dem Treffen der richtigen Töne. Musikalische Gestaltung findet nicht statt.";"The focus while playing is entirely on hitting the right notes. Musical shaping does not take place."
"TMLP_0038_L3_CHOICE2";"Der Fokus beim Spielen liegt überwiegend auf dem Treffen der richtigen Töne. Musikalische Gestaltung tritt in den Hintergrund.";"The focus while playing is predominantly on hitting the right notes. Musical shaping recedes into the background."
"TMLP_0038_L3_CHOICE3";"Der Fokus beim Spielen liegt teilweise auf musikalischer Gestaltung, teilweise noch auf dem Treffen der richtigen Töne.";"The focus while playing is partially on musical shaping and partially still on hitting the right notes."
"TMLP_0038_L3_CHOICE4";"Der Fokus beim Spielen liegt weitgehend auf musikalischer Gestaltung. Das Treffen der richtigen Töne erfordert nur noch vereinzelt bewusste Aufmerksamkeit.";"The focus while playing is largely on musical shaping. Hitting the right notes only occasionally requires conscious attention."
"TMLP_0038_L3_CHOICE5";"Der Fokus beim Spielen liegt durchgehend auf musikalischer Gestaltung. Das Treffen der richtigen Töne ist vollständig automatisiert.";"The focus while playing is consistently on musical shaping. Hitting the right notes is fully automatised."
"TMLP_0038_L2_PROMPT";"Im Vergleich zu Schüler/innen auf vergleichbarem Niveau ist der **Fokus auf musikalische Gestaltung gegenüber Tonsicherheit** bei diesem/dieser Schüler/in:";"Compared to pupils at a similar level, the focus on musical shaping versus note accuracy for this pupil is:"
"TMLP_0038_L2_CHOICE1";"Deutlich schlechter als vergleichbare Schüler/innen";"Clearly worse than comparable pupils"
"TMLP_0038_L2_CHOICE2";"Schlechter als vergleichbare Schüler/innen";"Worse than comparable pupils"
"TMLP_0038_L2_CHOICE3";"Gleich wie vergleichbare Schüler/innen";"The same as comparable pupils"
"TMLP_0038_L2_CHOICE4";"Besser als vergleichbare Schüler/innen";"Better than comparable pupils"
"TMLP_0038_L2_CHOICE5";"Viel besser als vergleichbare Schüler/innen";"Much better than comparable pupils"
"TMLP_0038_L1_PROMPT";"Im Vergleich zur letzten Unterrichtseinheit ist der **Fokus auf musikalische Gestaltung gegenüber Tonsicherheit** bei dieser/diesem Schüler/in:";"Compared to the last lesson, the focus on musical shaping versus note accuracy for this pupil is:"
"TMLP_0038_L1_CHOICE1";"Deutlich schlechter als in der letzten Unterrichtseinheit";"Clearly worse than in the last lesson"
"TMLP_0038_L1_CHOICE2";"Schlechter als in der letzten Unterrichtseinheit";"Worse than in the last lesson"
"TMLP_0038_L1_CHOICE3";"Gleich wie in der letzten Unterrichtseinheit";"The same as in the last lesson"
"TMLP_0038_L1_CHOICE4";"Besser als in der letzten Unterrichtseinheit";"Better than in the last lesson"
"TMLP_0038_L1_CHOICE5";"Viel besser als in der letzten Unterrichtseinheit";"Much better than in the last lesson"
"TMLP_0000_PROMPT";"Musical Learning Protocol";"Musical Learning Protocol"
"TMLP_0001_PROMPT";"Willkommen zum Musical Learning Protocol (MLP).";"Welcome to the Musical Learning Protocol (MLP)."
"TMLP_FIRSTTIME_PROMPT";"Ist dies das erste Mal, dass Sie das MLP ausfüllen?";"Is this the first time you fill out the MLP?"
"TMLP_FIRSTTIME_CHOICE1";"Ja";"Yes"
"TMLP_FIRSTTIME_CHOICE2";"Nein";"No"
"TMLP_INSTRUMENT_GROUP_PROMPT";"Welche Instrumentengruppe lernt der/die Schüler/in?";"Which instrumental group does the pupil learn?"
"TMLP_INSTRUMENT_GROUP_CHOICE1";"Holzblasinstrument";"Woodwind"
"TMLP_INSTRUMENT_GROUP_CHOICE2";"Blechblasinstrument";"Brass"
"TMLP_INSTRUMENT_GROUP_CHOICE3";"Klavier";"Piano"
"TMLP_INSTRUMENT_GROUP_CHOICE4";"Gitarre";"Guitar"
"TMLP_INSTRUMENT_GROUP_CHOICE5";"Streichinstrument";"Strings"
"TMLP_PRACTICE_PUPIL_PROMPT";"Frage die Schülerin/den Schüler: Wie viele Minuten wurde in der letzten Woche durchschnittlich pro Tag geübt?";"Ask the pupil: On average, how many minutes per day did he or she practice in the last week?"
"TMLP_PRACTICE_TEACHER_PROMPT";"Wie viele Minuten pro Tag, schätzen Sie, hat der/die Schüler/in geübt?";"For how many minutes per day do you think the pupil practiced?"
"TMLP_AGE_PROMPT";"Wie alt ist der/die Schüler/in?";"How old is the pupil?"
"TMLP_INSTRUMENT_PROMPT";"Welches Instrument lernt der/die Schüler/in?";"What instrument is the pupil learning?"
"TMLP_0039_INTRO_OVERALL_PROMPT";"Bewerten Sie auf den folgenden Seiten **die generelle Qualität des Instrumentalspiels** des/der Schüler/in.";"Evaluate **the overall quality** of the student’s instrumental performance on the following pages."
"TMLP_0040_INTRO_TECHNIQUE_PROMPT";"Bewerten Sie auf den folgenden Seiten **die technische Qualität des Instrumentalspiels** des/der Schüler/in.";"Evaluate **the technical quality** of the student’s instrumental performance on the following pages."
"TMLP_0041_INTRO_EXPRESSION_PROMPT";"Bewerten Sie auf den folgenden Seiten **die expressive Qualität des Instrumentalspiels** des/der Schüler/in.";"Evaluate **the expressive quality** of the student’s instrumental performance on the following pages."
"TMLP_0042_INTRO_INSTRUMENT_PROMPT";"Bewerten Sie auf den folgenden Seiten **die instrumentenspezifische Qualität des Instrumentalspiels** des/der Schüler/in.";"Evaluate **the instrument-specific quality** of the student’s instrumental performance on the following pages."
